Workbook

Sheet Rambudget
A1: Allmän info | D1: 2026 REV | H1: 2026
D2: Intäkter | E2: Kostnader | F2: Resultat | H2: Intäkter | I2: Kostnader | J2: Resultat
A3: Totalt | D3: =SUM(D5:D108)/2 -> 2987720.9 | E3: =SUM(E5:E108)/2 -> 2979274.1 | F3: =D3-E3 -> 8446.7976 | H3: =SUM(H4:H108)/2 -> 2876915.2 | I3: =SUM(I4:I108)/2 -> 2884542.5 | J3: =H3-I3 -> -7627.3271
A4: Beteckning | B4: Kostnadsställe
A5: Aktivitetsutskottet
A6: AKTU01 | B6: {=INDIRECT(ADDRESS(ROW(B$1),COLUMN(B$1),4,TRUE,$A6))} -> Funktionärer | D6: {=INDIRECT(ADDRESS(ROW($J$6),COLUMN($J$6),4,TRUE,$A6))} -> 0 | E6: =INDIRECT(ADDRESS(ROW($J$7),COLUMN($J$7),4,TRUE,$A6)) -> 7546 | F6: =D6-E6 -> -7546 | H6: {=INDIRECT(ADDRESS(ROW($L$6),COLUMN($L$6),4,TRUE,$A6))} -> 0 | I6: =INDIRECT(ADDRESS(ROW($L$7),COLUMN($L$7),4,TRUE,$A6)) -> 15792 | J6: =H6-I6 -> -15792
A7: AKTU03 | B7: =INDIRECT(ADDRESS(ROW(B$1),COLUMN($B$1),4,TRUE,$A7)) -> UtEDischot | D7: =INDIRECT(ADDRESS(ROW($J$6),COLUMN($J$6),4,TRUE,$A7)) -> 460595 | E7: =INDIRECT(ADDRESS(ROW($J$7),COLUMN($J$7),4,TRUE,$A7)) -> 438810 | F7: =D7-E7 -> 21785 | H7: =INDIRECT(ADDRESS(ROW($L$6),COLUMN($L$6),4,TRUE,$A7)) -> 436500 | I7: =INDIRECT(ADDRESS(ROW($L$7),COLUMN($L$7),4,TRUE,$A7)) -> 415731.5 | J7: =H7-I7 -> 20768.5
A8: AKTU04 | B8: =INDIRECT(ADDRESS(ROW(B$1),COLUMN($B$1),4,TRUE,$A8)) -> Externa evenemang | D8: =INDIRECT(ADDRESS(ROW($J$6),COLUMN($J$6),4,TRUE,$A8)) -> 40000 | E8: =INDIRECT(ADDRESS(ROW($J$7),COLUMN($J$7),4,TRUE,$A8)) -> 41000 | F8: =D8-E8 -> -1000 | H8: =INDIRECT(ADDRESS(ROW($L$6),COLUMN($L$6),4,TRUE,$A8)) -> 40000 | I8: =INDIRECT(ADDRESS(ROW($L$7),COLUMN($L$7),4,TRUE,$A8)) -> 48000 | J8: =H8-I8 -> -8000
A9: AKTU07 | B9: =INDIRECT(ADDRESS(ROW(B$1),COLUMN($B$1),4,TRUE,$A9)) -> Evenemang | D9: =INDIRECT(ADDRESS(ROW($J$6),COLUMN($J$6),4,TRUE,$A9)) -> 30000 | E9: =INDIRECT(ADDRESS(ROW($J$7),COLUMN($J$7),4,TRUE,$A9)) -> 66150 | F9: =D9-E9 -> -36150 | H9: =INDIRECT(ADDRESS(ROW($L$6),COLUMN($L$6),4,TRUE,$A9)) -> 30000 | I9: =INDIRECT(ADDRESS(ROW($L$7),COLUMN($L$7),4,TRUE,$A9)) -> 66150 | J9: =H9-I9 -> -36150
A10: AKTU08 | B10: =INDIRECT(ADDRESS(ROW(B$1),COLUMN($B$1),4,TRUE,$A10)) -> Inventarie | D10: =INDIRECT(ADDRESS(ROW($J$6),COLUMN($J$6),4,TRUE,$A10)) -> 0 | E10: =INDIRECT(ADDRESS(ROW($J$7),COLUMN($J$7),4,TRUE,$A10)) -> 0 | F10: =D10-E10 -> 0 | H10: =INDIRECT(ADDRESS(ROW($L$6),COLUMN($L$6),4,TRUE,$A10)) -> 0 | I10: =INDIRECT(ADDRESS(ROW($L$7),COLUMN($L$7),4,TRUE,$A10)) -> 0 | J10: =H10-I10 -> 0
A11: Totalt aktivitetsutskottet | D11: =SUM(D6:D10) -> 530595 | E11: =SUM(E6:E10) -> 553506 | F11: =SUM(F6:F10) -> -22911 | H11: =SUM(H6:H10) -> 506500 | I11: =SUM(I6:I10) -> 545673.5 | J11: =SUM(J6:J10) -> -39173.5
A13: Cafémästeriet
A14: CAFE01 | B14: =INDIRECT(ADDRESS(ROW(B$1),COLUMN(B$1),4,TRUE,$A14)) -> Funktionärer | D14: =INDIRECT(ADDRESS(ROW($J$6),COLUMN($J$6),4,TRUE,$A14)) -> 0 | E14: =INDIRECT(ADDRESS(ROW($J$7),COLUMN($J$7),4,TRUE,$A14)) -> 28818 | F14: =D14-E14 -> -28818 | H14: =INDIRECT(ADDRESS(ROW($L$6),COLUMN($L$6),4,TRUE,$A14)) -> 0 | I14: =INDIRECT(ADDRESS(ROW($L$7),COLUMN($L$7),4,TRUE,$A14)) -> 42712 | J14: =H14-I14 -> -42712
A15: CAFE02 | B15: =INDIRECT(ADDRESS(ROW(B$1),COLUMN(B$1),4,TRUE,$A15)) -> D-café | D15: =INDIRECT(ADDRESS(ROW($J$6),COLUMN($J$6),4,TRUE,$A15)) -> 124710 | E15: =INDIRECT(ADDRESS(ROW($J$7),COLUMN($J$7),4,TRUE,$A15)) -> 98740 | F15: =D15-E15 -> 25970 | H15: =INDIRECT(ADDRESS(ROW($L$6),COLUMN($L$6),4,TRUE,$A15)) -> 141510 | I15: =INDIRECT(ADDRESS(ROW($L$7),COLUMN($L$7),4,TRUE,$A15)) -> 96220 | J15: =H15-I15 -> 45290
A16: CAFE04 | B16: =INDIRECT(ADDRESS(ROW(B$1),COLUMN(B$1),4,TRUE,$A16)) -> Övriga evenemang | D16: =INDIRECT(ADDRESS(ROW($J$6),COLUMN($J$6),4,TRUE,$A16)) -> 15000 | E16: =INDIRECT(ADDRESS(ROW($J$7),COLUMN($J$7),4,TRUE,$A16)) -> 13500 | F16: =D16-E16 -> 1500 | H16: =INDIRECT(ADDRESS(ROW($L$6),COLUMN($L$6),4,TRUE,$A16)) -> 15000 | I16: =INDIRECT(ADDRESS(ROW($L$7),COLUMN($L$7),4,TRUE,$A16)) -> 13500 | J16: =H16-I16 -> 1500
A17: Totalt cafémästeriet | D17: =sum(D14:D16) -> 139710 | E17: =sum(E14:E16) -> 141058 | F17: =sum(F14:F16) -> -1348 | H17: =sum(H14:H16) -> 156510 | I17: =sum(I14:I16) -> 152432 | J17: =sum(J14:J16) -> 4078
A19: Centralprocessutskottet
A20: CPU01 | B20: Centralprocessutskottet | D20: {=INDIRECT(ADDRESS(ROW($J$6),COLUMN($J$6),4,TRUE,$A20))} -> 0 | E20: {=INDIRECT(ADDRESS(ROW($J$7),COLUMN($J$7),4,TRUE,$A20))} -> 16755 | F20: =D20-E20 -> -16755 | H20: {=INDIRECT(ADDRESS(ROW($L$6),COLUMN($L$6),4,TRUE,$A20))} -> 0 | I20: {=INDIRECT(ADDRESS(ROW($L$7),COLUMN($L$7),4,TRUE,$A20))} -> 30658 | J20: =H20-I20 -> -30658
A21: Totalt framtidsutskottet | D21: =sum(D20) -> 0 | E21: =sum(E20) -> 16755 | F21: =sum(F20) -> -16755 | H21: =sum(H20) -> 0 | I21: =sum(I20) -> 30658 | J21: =sum(J20) -> -30658
A23: Framtidsutskottet
A24: FRA01 | B24: Allmänt | D24: {=INDIRECT(ADDRESS(ROW($J$6),COLUMN($J$6),4,TRUE,$A24))} -> 0 | E24: {=INDIRECT(ADDRESS(ROW($J$7),COLUMN($J$7),4,TRUE,$A24))} -> 6884 | F24: =D24-E24 -> -6884 | H24: {=INDIRECT(ADDRESS(ROW($L$6),COLUMN($L$6),4,TRUE,$A24))} -> 0 | I24: {=INDIRECT(ADDRESS(ROW($L$7),COLUMN($L$7),4,TRUE,$A24))} -> 14468 | J24: =H24-I24 -> -14468
A25: Totalt framtidsutskottet | D25: =sum(D24) -> 0 | E25: =sum(E24) -> 6884 | F25: =sum(F24) -> -6884 | H25: =sum(H24) -> 0 | I25: =sum(I24) -> 14468 | J25: =sum(J24) -> -14468
A27: Informationsutskottet
A28: INFU01 | B28: {=INDIRECT(ADDRESS(ROW($B$1),COLUMN($B$1),4,TRUE,$A28))} -> Allmänt | D28: =INDIRECT(ADDRESS(ROW($J$6),COLUMN($J$6),4,TRUE,$A28)) -> 0 | E28: =INDIRECT(ADDRESS(ROW($J$7),COLUMN($J$7),4,TRUE,$A28)) -> 13203 | F28: =D28-E28 -> -13203 | H28: =INDIRECT(ADDRESS(ROW($L$6),COLUMN($L$6),4,TRUE,$A28)) -> 0 | I28: =INDIRECT(ADDRESS(ROW($L$7),COLUMN($L$7),4,TRUE,$A28)) -> 19842 | J28: =H28-I28 -> -19842
A29: INFU03 | B29: {=INDIRECT(ADDRESS(ROW(B$1),COLUMN(B$1),4,TRUE,$A29))} -> D-shopen | D29: =INDIRECT(ADDRESS(ROW($J$6),COLUMN($J$6),4,TRUE,$A29)) -> 160650 | E29: =INDIRECT(ADDRESS(ROW($J$7),COLUMN($J$7),4,TRUE,$A29)) -> 127500 | F29: =D29-E29 -> 33150 | H29: =INDIRECT(ADDRESS(ROW($L$6),COLUMN($L$6),4,TRUE,$A29)) -> 160650 | I29: =INDIRECT(ADDRESS(ROW($L$7),COLUMN($L$7),4,TRUE,$A29)) -> 127500 | J29: =H29-I29 -> 33150
A30: Totalt informationsutskottet | D30: =sum(D28:D29) -> 160650 | E30: =sum(E28:E29) -> 140703 | F30: =sum(F28:F29) -> 19947 | H30: =sum(H28:H29) -> 160650 | I30: =sum(I28:I29) -> 147342 | J30: =sum(J28:J29) -> 13308
A32: Källarmästeriet
A33: KAL01 | B33: =INDIRECT(ADDRESS(ROW($B$1),COLUMN($B$1),4,TRUE,$A33)) -> Funktionärer | D33: =INDIRECT(ADDRESS(ROW($J$6),COLUMN($J$6),4,TRUE,$A33)) -> 0 | E33: =INDIRECT(ADDRESS(ROW($J$7),COLUMN($J$7),4,TRUE,$A33)) -> 15633 | F33: =D33-E33 -> -15633 | H33: =INDIRECT(ADDRESS(ROW($L$6),COLUMN($L$6),4,TRUE,$A33)) -> 0 | I33: =INDIRECT(ADDRESS(ROW($L$7),COLUMN($L$7),4,TRUE,$A33)) -> 20566 | J33: =H33-I33 -> -20566
A34: KAL04 | B34: =INDIRECT(ADDRESS(ROW($B$1),COLUMN($B$1),4,TRUE,$A34)) -> Inventarie | D34: =INDIRECT(ADDRESS(ROW($J$6),COLUMN($J$6),4,TRUE,$A34)) -> 1500 | E34: =INDIRECT(ADDRESS(ROW($J$7),COLUMN($J$7),4,TRUE,$A34)) -> 42600 | F34: =D34-E34 -> -41100 | H34: =INDIRECT(ADDRESS(ROW($L$6),COLUMN($L$6),4,TRUE,$A34)) -> 1500 | I34: =INDIRECT(ADDRESS(ROW($L$7),COLUMN($L$7),4,TRUE,$A34)) -> 42600 | J34: =H34-I34 -> -41100
A35: Totalt källarmästeriet | D35: =SUM(D33:D34) -> 1500 | E35: =SUM(E33:E34) -> 58233 | F35: =SUM(F33:F34) -> -56733 | H35: =SUM(H33:H34) -> 1500 | I35: =SUM(I33:I34) -> 63166 | J35: =SUM(J33:J34) -> -61666
A37: Medaljelelekommitén
A38: MED01 | B38: Allmänt | D38: {=INDIRECT(ADDRESS(ROW($J$6),COLUMN($J$6),4,TRUE,$A38))} -> 2500 | E38: {=INDIRECT(ADDRESS(ROW($J$7),COLUMN($J$7),4,TRUE,$A38))} -> 3035 | F38: =D38-E38 -> -535 | H38: {=INDIRECT(ADDRESS(ROW($L$6),COLUMN($L$6),4,TRUE,$A38))} -> 2500 | I38: {=INDIRECT(ADDRESS(ROW($L$7),COLUMN($L$7),4,TRUE,$A38))} -> 4420 | J38: =H38-I38 -> -1920
A39: Totalt medaljelelekommitén | D39: =sum(D38) -> 2500 | E39: =sum(E38) -> 3035 | F39: =sum(F38) -> -535 | H39: =sum(H38) -> 2500 | I39: =sum(I38) -> 4420 | J39: =sum(J38) -> -1920
A41: Näringslivsutskottet
A42: NARU01 | B42: =INDIRECT(ADDRESS(ROW(B$1),COLUMN($B$1),4,TRUE,$A42)) -> Funktionärer | D42: =INDIRECT(ADDRESS(ROW($J$6),COLUMN($J$6),4,TRUE,$A42)) -> 0 | E42: =INDIRECT(ADDRESS(ROW($J$7),COLUMN($J$7),4,TRUE,$A42)) -> 12084 | F42: =D42-E42 -> -12084 | H42: =INDIRECT(ADDRESS(ROW($L$6),COLUMN($L$6),4,TRUE,$A42)) -> 0 | I42: =INDIRECT(ADDRESS(ROW($L$7),COLUMN($L$7),4,TRUE,$A42)) -> 11840 | J42: =H42-I42 -> -11840
A43: NARU02 | B43: =INDIRECT(ADDRESS(ROW(B$1),COLUMN($B$1),4,TRUE,$A43)) -> Spons | D43: =INDIRECT(ADDRESS(ROW($J$6),COLUMN($J$6),4,TRUE,$A43)) -> 575025 | E43: =INDIRECT(ADDRESS(ROW($J$7),COLUMN($J$7),4,TRUE,$A43)) -> 319525 | F43: =D43-E43 -> 255500 | H43: =INDIRECT(ADDRESS(ROW($L$6),COLUMN($L$6),4,TRUE,$A43)) -> 600235 | I43: =INDIRECT(ADDRESS(ROW($L$7),COLUMN($L$7),4,TRUE,$A43)) -> 275535 | J43: =H43-I43 -> 324700
A44: NARU03 | B44: =INDIRECT(ADDRESS(ROW(B$1),COLUMN($B$1),4,TRUE,$A44)) -> Alumnigruppen | D44: =INDIRECT(ADDRESS(ROW($J$6),COLUMN($J$6),4,TRUE,$A44)) -> 30250 | E44: =INDIRECT(ADDRESS(ROW($J$7),COLUMN($J$7),4,TRUE,$A44)) -> 27000 | F44: =D44-E44 -> 3250 | H44: =INDIRECT(ADDRESS(ROW($L$6),COLUMN($L$6),4,TRUE,$A44)) -> 30250 | I44: =INDIRECT(ADDRESS(ROW($L$7),COLUMN($L$7),4,TRUE,$A44)) -> 27000 | J44: =H44-I44 -> 3250
A45: Totalt näringsliv | D45: =SUM(D42:D44) -> 605275 | E45: =SUM(E42:E44) -> 358609 | F45: =SUM(F42:F44) -> 246666 | H45: =SUM(H42:H44) -> 630485 | I45: =SUM(I42:I44) -> 314375 | J45: =SUM(J42:J44) -> 316110
A47: Nollningsutskottet
A48: NOLL01 | B48: =INDIRECT(ADDRESS(ROW(B$1),COLUMN($B$1),4,TRUE,$A48)) -> Funktionärer | D48: =INDIRECT(ADDRESS(ROW($J$6),COLUMN($J$6),4,TRUE,$A48)) -> 10000 | E48: =INDIRECT(ADDRESS(ROW($J$7),COLUMN($J$7),4,TRUE,$A48)) -> 45519 | F48: =D48-E48 -> -35519 | H48: =INDIRECT(ADDRESS(ROW($L$6),COLUMN($L$6),4,TRUE,$A48)) -> 10000 | I48: =INDIRECT(ADDRESS(ROW($L$7),COLUMN($L$7),4,TRUE,$A48)) -> 69868 | J48: =H48-I48 -> -59868
A49: NOLL02 | B49: =INDIRECT(ADDRESS(ROW(B$1),COLUMN($B$1),4,TRUE,$A49)) -> Material | D49: =INDIRECT(ADDRESS(ROW($J$6),COLUMN($J$6),4,TRUE,$A49)) -> 0 | E49: =INDIRECT(ADDRESS(ROW($J$7),COLUMN($J$7),4,TRUE,$A49)) -> 42000 | F49: =D49-E49 -> -42000 | H49: =INDIRECT(ADDRESS(ROW($L$6),COLUMN($L$6),4,TRUE,$A49)) -> 0 | I49: =INDIRECT(ADDRESS(ROW($L$7),COLUMN($L$7),4,TRUE,$A49)) -> 102000 | J49: =H49-I49 -> -102000
A50: NOLL03 | B50: =INDIRECT(ADDRESS(ROW(B$1),COLUMN($B$1),4,TRUE,$A50)) -> Pepparna | D50: =INDIRECT(ADDRESS(ROW($J$6),COLUMN($J$6),4,TRUE,$A50)) -> 0 | E50: =INDIRECT(ADDRESS(ROW($J$7),COLUMN($J$7),4,TRUE,$A50)) -> 46400 | F50: =D50-E50 -> -46400 | H50: =INDIRECT(ADDRESS(ROW($L$6),COLUMN($L$6),4,TRUE,$A50)) -> 0 | I50: =INDIRECT(ADDRESS(ROW($L$7),COLUMN($L$7),4,TRUE,$A50)) -> 46400 | J50: =H50-I50 -> -46400
A51: NOLL04 | B51: =INDIRECT(ADDRESS(ROW(B$1),COLUMN($B$1),4,TRUE,$A51)) -> Evenemang | D51: =INDIRECT(ADDRESS(ROW($J$6),COLUMN($J$6),4,TRUE,$A51)) -> 144500 | E51: =INDIRECT(ADDRESS(ROW($J$7),COLUMN($J$7),4,TRUE,$A51)) -> 194100 | F51: =D51-E51 -> -49600 | H51: =INDIRECT(ADDRESS(ROW($L$6),COLUMN($L$6),4,TRUE,$A51)) -> 104000 | I51: =INDIRECT(ADDRESS(ROW($L$7),COLUMN($L$7),4,TRUE,$A51)) -> 153600 | J51: =H51-I51 -> -49600
A52: Totalt nollningsutskottet | D52: =SUM(D48:D51) -> 154500 | E52: =SUM(E48:E51) -> 328019 | F52: =SUM(F48:F51) -> -173519 | H52: =SUM(H48:H51) -> 114000 | I52: =SUM(I48:I51) -> 371868 | J52: =SUM(J48:J51) -> -257868
A54: Sektionen
A55: SEKT01 | B55: {=INDIRECT(ADDRESS(ROW($B$1),COLUMN($B$1),4,TRUE,A55))} -> Funktionärer | D55: =INDIRECT(ADDRESS(ROW($J$6),COLUMN($J$6),4,TRUE,$A55)) -> 0 | E55: =INDIRECT(ADDRESS(ROW($J$7),COLUMN($J$7),4,TRUE,$A55)) -> 4000 | F55: =D55-E55 -> -4000 | H55: =INDIRECT(ADDRESS(ROW($L$6),COLUMN($L$6),4,TRUE,$A55)) -> 0 | I55: =INDIRECT(ADDRESS(ROW($L$7),COLUMN($L$7),4,TRUE,$A55)) -> 5000 | J55: =H55-I55 -> -5000
A56: SEKT02 | B56: =INDIRECT(ADDRESS(ROW($B$1),COLUMN($B$1),4,TRUE,$A56)) -> Sektionsmöte | D56: =INDIRECT(ADDRESS(ROW($J$6),COLUMN($J$6),4,TRUE,$A56)) -> 0 | E56: =INDIRECT(ADDRESS(ROW($J$7),COLUMN($J$7),4,TRUE,$A56)) -> 23000 | F56: =D56-E56 -> -23000 | H56: =INDIRECT(ADDRESS(ROW($L$6),COLUMN($L$6),4,TRUE,$A56)) -> 0 | I56: =INDIRECT(ADDRESS(ROW($L$7),COLUMN($L$7),4,TRUE,$A56)) -> 23000 | J56: =H56-I56 -> -23000
A57: SEKT03 | B57: =INDIRECT(ADDRESS(ROW($B$1),COLUMN($B$1),4,TRUE,$A57)) -> Tack | D57: =INDIRECT(ADDRESS(ROW($J$6),COLUMN($J$6),4,TRUE,$A57)) -> 0 | E57: =INDIRECT(ADDRESS(ROW($J$7),COLUMN($J$7),4,TRUE,$A57)) -> 828 | F57: =D57-E57 -> -828 | H57: =INDIRECT(ADDRESS(ROW($L$6),COLUMN($L$6),4,TRUE,$A57)) -> 0 | I57: =INDIRECT(ADDRESS(ROW($L$7),COLUMN($L$7),4,TRUE,$A57)) -> 2706 | J57: =H57-I57 -> -2706
A58: SEKT05 | B58: =INDIRECT(ADDRESS(ROW($B$1),COLUMN($B$1),4,TRUE,A58)) -> Gemensamma kostnader | D58: =INDIRECT(ADDRESS(ROW($J$6),COLUMN($J$6),4,TRUE,$A58)) -> 0 | E58: =INDIRECT(ADDRESS(ROW($J$7),COLUMN($J$7),4,TRUE,$A58)) -> 71395 | F58: =D58-E58 -> -71395 | H58: =INDIRECT(ADDRESS(ROW($L$6),COLUMN($L$6),4,TRUE,$A58)) -> 0 | I58: =INDIRECT(ADDRESS(ROW($L$7),COLUMN($L$7),4,TRUE,$A58)) -> 65692 | J58: =H58-I58 -> -65692
A59: SEKT06 | B59: =INDIRECT(ADDRESS(ROW($B$1),COLUMN($B$1),4,TRUE,A59)) -> Administration | D59: =INDIRECT(ADDRESS(ROW($J$6),COLUMN($J$6),4,TRUE,$A59)) -> 45000 | E59: =INDIRECT(ADDRESS(ROW($J$7),COLUMN($J$7),4,TRUE,$A59)) -> 29000 | F59: =D59-E59 -> 16000 | H59: =INDIRECT(ADDRESS(ROW($L$6),COLUMN($L$6),4,TRUE,$A59)) -> 43850 | I59: =INDIRECT(ADDRESS(ROW($L$7),COLUMN($L$7),4,TRUE,$A59)) -> 21000 | J59: =H59-I59 -> 22850
A60: SEKT07 | B60: =SEKT07!B1 -> Jobbardricka | D60: =INDIRECT(ADDRESS(ROW($J$6),COLUMN($J$6),4,TRUE,$A60)) -> 0 | E60: =INDIRECT(ADDRESS(ROW($J$7),COLUMN($J$7),4,TRUE,$A60)) -> 36476.14 | F60: =D60-E60 -> -36476.14 | H60: =INDIRECT(ADDRESS(ROW($L$6),COLUMN($L$6),4,TRUE,$A60)) -> 0 | I60: =INDIRECT(ADDRESS(ROW($L$7),COLUMN($L$7),4,TRUE,$A60)) -> 66550 | J60: =H60-I60 -> -66550
A61: SEKT08 | B61: {=INDIRECT(ADDRESS(ROW($B$1),COLUMN($B$1),4,TRUE,$A61))} -> Fonder | D61: =INDIRECT(ADDRESS(ROW($J$6),COLUMN($J$6),4,TRUE,$A61)) -> 0 | E61: =INDIRECT(ADDRESS(ROW($J$7),COLUMN($J$7),4,TRUE,$A61)) -> 0 | F61: =D61-E61 -> 0 | H61: =INDIRECT(ADDRESS(ROW($L$6),COLUMN($L$6),4,TRUE,$A61)) -> 0 | I61: =INDIRECT(ADDRESS(ROW($L$7),COLUMN($L$7),4,TRUE,$A61)) -> 0 | J61: =H61-I61 -> 0
A62: Totalt sektionen | D62: =SUM(D55:D61) -> 45000 | E62: =SUM($E55:$E61) -> 164699.14 | F62: =SUM(F55:F61) -> -119699.14 | H62: =SUM(H55:H61) -> 43850 | I62: =SUM(I55:I61) -> 183948 | J62: =SUM(J55:J61) -> -140098
A64: Sexmästeriet
A65: SEX01 | B65: =INDIRECT(ADDRESS(ROW(B$1),COLUMN($B$1),4,TRUE,$A65)) -> Funktionärer | D65: =INDIRECT(ADDRESS(ROW($J$6),COLUMN($J$6),4,TRUE,$A65)) -> 0 | E65: =INDIRECT(ADDRESS(ROW($J$7),COLUMN($J$7),4,TRUE,$A65)) -> 39091 | F65: =D65-E65 -> -39091 | H65: =INDIRECT(ADDRESS(ROW($L$6),COLUMN($L$6),4,TRUE,$A65)) -> 0 | I65: =INDIRECT(ADDRESS(ROW($L$7),COLUMN($L$7),4,TRUE,$A65)) -> 45350 | J65: =H65-I65 -> -45350
A66: SEX02 | B66: =INDIRECT(ADDRESS(ROW(B$1),COLUMN($B$1),4,TRUE,$A66)) -> Sittningar | D66: =INDIRECT(ADDRESS(ROW($J$6),COLUMN($J$6),4,TRUE,$A66)) -> 560705.02 | E66: =INDIRECT(ADDRESS(ROW($J$7),COLUMN($J$7),4,TRUE,$A66)) -> 522280.86 | F66: =D66-E66 -> 38424.154 | H66: =INDIRECT(ADDRESS(ROW($L$6),COLUMN($L$6),4,TRUE,$A66)) -> 390500 | I66: =INDIRECT(ADDRESS(ROW($L$7),COLUMN($L$7),4,TRUE,$A66)) -> 324900 | J66: =H66-I66 -> 65600
A67: SEX03 | B67: =INDIRECT(ADDRESS(ROW(B$1),COLUMN($B$1),4,TRUE,$A67)) -> Pubar | D67: =INDIRECT(ADDRESS(ROW($J$6),COLUMN($J$6),4,TRUE,$A67)) -> 154916.27 | E67: =INDIRECT(ADDRESS(ROW($J$7),COLUMN($J$7),4,TRUE,$A67)) -> 159248.18 | F67: =D67-E67 -> -4331.9144 | H67: =INDIRECT(ADDRESS(ROW($L$6),COLUMN($L$6),4,TRUE,$A67)) -> 127700 | I67: =INDIRECT(ADDRESS(ROW($L$7),COLUMN($L$7),4,TRUE,$A67)) -> 121850 | J67: =H67-I67 -> 5850
A68: SEX04 | B68: =INDIRECT(ADDRESS(ROW(B$1),COLUMN($B$1),4,TRUE,$A68)) -> Nollegasque | D68: =INDIRECT(ADDRESS(ROW($J$6),COLUMN($J$6),4,TRUE,$A68)) -> 215352.66 | E68: =INDIRECT(ADDRESS(ROW($J$7),COLUMN($J$7),4,TRUE,$A68)) -> 161285.95 | F68: =D68-E68 -> 54066.716 | H68: =INDIRECT(ADDRESS(ROW($L$6),COLUMN($L$6),4,TRUE,$A68)) -> 184126 | I68: =INDIRECT(ADDRESS(ROW($L$7),COLUMN($L$7),4,TRUE,$A68)) -> 155940 | J68: =H68-I68 -> 28186
A69: SEX05 | B69: =INDIRECT(ADDRESS(ROW(B$1),COLUMN($B$1),4,TRUE,$A69)) -> Skiphtesgasque | D69: =INDIRECT(ADDRESS(ROW($J$6),COLUMN($J$6),4,TRUE,$A69)) -> 42970.242 | E69: =INDIRECT(ADDRESS(ROW($J$7),COLUMN($J$7),4,TRUE,$A69)) -> 82705.309 | F69: =D69-E69 -> -39735.067 | H69: =INDIRECT(ADDRESS(ROW($L$6),COLUMN($L$6),4,TRUE,$A69)) -> 69415 | I69: =INDIRECT(ADDRESS(ROW($L$7),COLUMN($L$7),4,TRUE,$A69)) -> 83850 | J69: =H69-I69 -> -14435
A70: SEX09 | B70: =INDIRECT(ADDRESS(ROW(B$1),COLUMN($B$1),4,TRUE,$A70)) -> UtEDischot | D70: =INDIRECT(ADDRESS(ROW($J$6),COLUMN($J$6),4,TRUE,$A70)) -> 92034.059 | E70: =INDIRECT(ADDRESS(ROW($J$7),COLUMN($J$7),4,TRUE,$A70)) -> 63769.903 | F70: =D70-E70 -> 28264.156 | H70: =INDIRECT(ADDRESS(ROW($L$6),COLUMN($L$6),4,TRUE,$A70)) -> 148650 | I70: =INDIRECT(ADDRESS(ROW($L$7),COLUMN($L$7),4,TRUE,$A70)) -> 95514 | J70: =H70-I70 -> 53136
A71: Totalt sexmästeriet | D71: =sum(D65:D70) -> 1065978.2 | E71: =SUM(E65:E70) -> 1028381.2 | F71: =sum(F65:F70) -> 37597.044 | H71: =sum(H65:H70) -> 920391 | I71: =SUM(I65:I70) -> 827404 | J71: =sum(J65:J70) -> 92987
A73: Skattmästeriet
A74: SKT01 | B74: {=INDIRECT(ADDRESS(ROW(B$1),COLUMN(B$1),4,TRUE,$A74))} -> Funktionärer | D74: =INDIRECT(ADDRESS(ROW($J$6),COLUMN($J$6),4,TRUE,$A74)) -> 0 | E74: =INDIRECT(ADDRESS(ROW($J$7),COLUMN($J$7),4,TRUE,$A74)) -> 1242 | F74: =D74-E74 -> -1242 | H74: =INDIRECT(ADDRESS(ROW($L$6),COLUMN($L$6),4,TRUE,$A74)) -> 0 | I74: =INDIRECT(ADDRESS(ROW($L$7),COLUMN($L$7),4,TRUE,$A74)) -> 3820 | J74: =H74-I74 -> -3820
A75: SKT02 | B75: {=INDIRECT(ADDRESS(ROW($B$1),COLUMN($B$1),4,TRUE,$A75))} -> Avgifter | D75: =INDIRECT(ADDRESS(ROW($J$6),COLUMN($J$6),4,TRUE,$A75)) -> 3255 | E75: =INDIRECT(ADDRESS(ROW($J$7),COLUMN($J$7),4,TRUE,$A75)) -> 76958.75 | F75: =D75-E75 -> -73703.75 | H75: =INDIRECT(ADDRESS(ROW($L$6),COLUMN($L$6),4,TRUE,$A75)) -> 2376 | I75: =INDIRECT(ADDRESS(ROW($L$7),COLUMN($L$7),4,TRUE,$A75)) -> 50394 | J75: =H75-I75 -> -48018
A76: Totalt skattmästeriet | D76: =sum(D74:D75) -> 3255 | E76: =sum(E74:E75) -> 78200.75 | F76: =sum(F74:F75) -> -74945.75 | H76: =sum(H74:H75) -> 2376 | I76: =sum(I74:I75) -> 54214 | J76: =sum(J74:J75) -> -51838
A78: Studierådet
A79: SRD01 | B79: =INDIRECT(ADDRESS(ROW($B$1),COLUMN($B$1),4,TRUE,$A79)) -> Funktionärer | D79: =INDIRECT(ADDRESS(ROW($J$6),COLUMN($J$6),4,TRUE,$A79)) -> 0 | E79: =INDIRECT(ADDRESS(ROW($J$7),COLUMN($J$7),4,TRUE,$A79)) -> 8487 | F79: =D79-E79 -> -8487 | H79: =INDIRECT(ADDRESS(ROW($L$6),COLUMN($L$6),4,TRUE,$A79)) -> 0 | I79: =INDIRECT(ADDRESS(ROW($L$7),COLUMN($L$7),4,TRUE,$A79)) -> 22924 | J79: =H79-I79 -> -22924
A80: SRD02 | B80: =INDIRECT(ADDRESS(ROW($B$1),COLUMN($B$1),4,TRUE,$A80)) -> Aktiviteter | D80: =INDIRECT(ADDRESS(ROW($J$6),COLUMN($J$6),4,TRUE,$A80)) -> 22200 | E80: =INDIRECT(ADDRESS(ROW($J$7),COLUMN($J$7),4,TRUE,$A80)) -> 24500 | F80: =D80-E80 -> -2300 | H80: =INDIRECT(ADDRESS(ROW($L$6),COLUMN($L$6),4,TRUE,$A80)) -> 14700 | I80: =INDIRECT(ADDRESS(ROW($L$7),COLUMN($L$7),4,TRUE,$A80)) -> 40500 | J80: =H80-I80 -> -25800
A81: Totalt studierådet | D81: =sum(D79:D80) -> 22200 | E81: =sum(E79:E80) -> 32987 | F81: =sum(F79:F80) -> -10787 | H81: =sum(H79:H80) -> 14700 | I81: =sum(I79:I80) -> 63424 | J81: =sum(J79:J80) -> -48724
A83: Styrelsen
A84: STYR01 | B84: {=INDIRECT(ADDRESS(ROW($B$1),COLUMN($B$1),4,TRUE,$A84))} -> Funktionärer | D84: {=INDIRECT(ADDRESS(ROW($J$6),COLUMN($J$6),4,TRUE,$A84))} -> 0 | E84: {=INDIRECT(ADDRESS(ROW($J$7),COLUMN($J$7),4,TRUE,$A84))} -> 5114 | F84: =D84-E84 -> -5114 | H84: {=INDIRECT(ADDRESS(ROW($L$6),COLUMN($L$6),4,TRUE,$A84))} -> 0 | I84: {=INDIRECT(ADDRESS(ROW($L$7),COLUMN($L$7),4,TRUE,$A84))} -> 9228 | J84: =H84-I84 -> -9228
A85: Totalt styrelsen | D85: =sum(D84) -> 0 | E85: =sum(E84) -> 5114 | F85: =sum(F84) -> -5114 | H85: =sum(H84) -> 0 | I85: =sum(I84) -> 9228 | J85: =sum(J84) -> -9228
A87: Tackmästeriet
A88: TACK01 | B88: =INDIRECT(ADDRESS(ROW($B$1),COLUMN($B$1),4,TRUE,$A88)) -> Sommar | D88: =INDIRECT(ADDRESS(ROW($J$6),COLUMN($J$6),4,TRUE,$A88)) -> 0 | E88: =INDIRECT(ADDRESS(ROW($J$7),COLUMN($J$7),4,TRUE,$A88)) -> 16242 | F88: =D88-E88 -> -16242 | H88: =INDIRECT(ADDRESS(ROW($L$6),COLUMN($L$6),4,TRUE,$A88)) -> 0 | I88: =INDIRECT(ADDRESS(ROW($L$7),COLUMN($L$7),4,TRUE,$A88)) -> 22834 | J88: =H88-I88 -> -22834
A89: TACK02 | B89: =INDIRECT(ADDRESS(ROW($B$1),COLUMN($B$1),4,TRUE,$A89)) -> Vinter | D89: =INDIRECT(ADDRESS(ROW($J$6),COLUMN($J$6),4,TRUE,$A89)) -> 0 | E89: =INDIRECT(ADDRESS(ROW($J$7),COLUMN($J$7),4,TRUE,$A89)) -> 16242 | F89: =D89-E89 -> -16242 | H89: =INDIRECT(ADDRESS(ROW($L$6),COLUMN($L$6),4,TRUE,$A89)) -> 0 | I89: =INDIRECT(ADDRESS(ROW($L$7),COLUMN($L$7),4,TRUE,$A89)) -> 32834 | J89: =H89-I89 -> -32834
A90: Totalt styrelsen | D90: =sum(D88:D89) -> 0 | E90: =sum(E88:E89) -> 32484 | F90: =sum(F88:F89) -> -32484 | H90: =sum(H88) -> 0 | I90: =sum(I88:I89) -> 55668 | J90: =sum(J88:J89) -> -55668
A92: Teknikfokus
A93: TEK01 | B93: =INDIRECT(ADDRESS(ROW($B$1),COLUMN($B$1),4,TRUE,$A93)) -> Funktionärer | D93: =INDIRECT(ADDRESS(ROW($J$6),COLUMN($J$6),4,TRUE,$A93)) -> 0 | E93: =INDIRECT(ADDRESS(ROW($J$7),COLUMN($J$7),4,TRUE,$A93)) -> 0 | F93: =D93-E93 -> 0 | H93: =INDIRECT(ADDRESS(ROW($L$6),COLUMN($L$6),4,TRUE,$A93)) -> 0 | I93: =INDIRECT(ADDRESS(ROW($L$7),COLUMN($L$7),4,TRUE,$A93)) -> 0 | J93: =H93-I93 -> 0
A94: TEK02 | B94: =INDIRECT(ADDRESS(ROW($B$1),COLUMN($B$1),4,TRUE,$A94)) -> Evenemang | D94: =INDIRECT(ADDRESS(ROW($J$6),COLUMN($J$6),4,TRUE,$A94)) -> 0 | E94: =INDIRECT(ADDRESS(ROW($J$7),COLUMN($J$7),4,TRUE,$A94)) -> 0 | F94: =D94-E94 -> 0 | H94: =INDIRECT(ADDRESS(ROW($L$6),COLUMN($L$6),4,TRUE,$A94)) -> 0 | I94: =INDIRECT(ADDRESS(ROW($L$7),COLUMN($L$7),4,TRUE,$A94)) -> 0 | J94: =H94-I94 -> 0
A95: TEK03 | B95: =INDIRECT(ADDRESS(ROW($B$1),COLUMN($B$1),4,TRUE,$A95)) -> Marknadsföring | D95: =INDIRECT(ADDRESS(ROW($J$6),COLUMN($J$6),4,TRUE,$A95)) -> 0 | E95: =INDIRECT(ADDRESS(ROW($J$7),COLUMN($J$7),4,TRUE,$A95)) -> 0 | F95: =D95-E95 -> 0 | H95: =INDIRECT(ADDRESS(ROW($L$6),COLUMN($L$6),4,TRUE,$A95)) -> 0 | I95: =INDIRECT(ADDRESS(ROW($L$7),COLUMN($L$7),4,TRUE,$A95)) -> 0 | J95: =H95-I95 -> 0
A96: TEK04 | B96: =INDIRECT(ADDRESS(ROW($B$1),COLUMN($B$1),4,TRUE,$A96)) -> Logistik | D96: =INDIRECT(ADDRESS(ROW($J$6),COLUMN($J$6),4,TRUE,$A96)) -> 0 | E96: =INDIRECT(ADDRESS(ROW($J$7),COLUMN($J$7),4,TRUE,$A96)) -> 0 | F96: =D96-E96 -> 0 | H96: =INDIRECT(ADDRESS(ROW($L$6),COLUMN($L$6),4,TRUE,$A96)) -> 0 | I96: =INDIRECT(ADDRESS(ROW($L$7),COLUMN($L$7),4,TRUE,$A96)) -> 0 | J96: =H96-I96 -> 0
A97: TEK05 | B97: =INDIRECT(ADDRESS(ROW($B$1),COLUMN($B$1),4,TRUE,$A97)) -> Försäljning | D97: =INDIRECT(ADDRESS(ROW($J$6),COLUMN($J$6),4,TRUE,$A97)) -> 256557.64 | E97: =INDIRECT(ADDRESS(ROW($J$7),COLUMN($J$7),4,TRUE,$A97)) -> 0 | F97: =D97-E97 -> 256557.64 | H97: =INDIRECT(ADDRESS(ROW($L$6),COLUMN($L$6),4,TRUE,$A97)) -> 323453.17 | I97: =INDIRECT(ADDRESS(ROW($L$7),COLUMN($L$7),4,TRUE,$A97)) -> 0 | J97: =H97-I97 -> 323453.17
A98: TEK06 | B98: =INDIRECT(ADDRESS(ROW($B$1),COLUMN($B$1),4,TRUE,$A98)) -> Höst | D98: =INDIRECT(ADDRESS(ROW($J$6),COLUMN($J$6),4,TRUE,$A98)) -> 0 | E98: =INDIRECT(ADDRESS(ROW($J$7),COLUMN($J$7),4,TRUE,$A98)) -> 19428 | F98: =D98-E98 -> -19428 | H98: =INDIRECT(ADDRESS(ROW($L$6),COLUMN($L$6),4,TRUE,$A98)) -> 0 | I98: =INDIRECT(ADDRESS(ROW($L$7),COLUMN($L$7),4,TRUE,$A98)) -> 19928 | J98: =H98-I98 -> -19928
A99: Totalt Teknikfokus | D99: =SUM(D93:D98) -> 256557.64 | E99: =SUM(E93:E98) -> 19428 | F99: =SUM(F93:F98) -> 237129.64 | H99: =SUM(H93:H98) -> 323453.17 | I99: =SUM(I93:I98) -> 19928 | J99: =SUM(J93:J98) -> 303525.17
A101: Trivselrådet
A102: TRI01 | B102: {=INDIRECT(ADDRESS(ROW($B$1),COLUMN($B$1),4,TRUE,$A102))} -> Allmänt | D102: {=INDIRECT(ADDRESS(ROW($J$6),COLUMN($J$6),4,TRUE,$A102))} -> 0 | E102: {=INDIRECT(ADDRESS(ROW($J$7),COLUMN($J$7),4,TRUE,$A102))} -> 1035 | F102: =D102-E102 -> -1035 | H102: {=INDIRECT(ADDRESS(ROW($L$6),COLUMN($L$6),4,TRUE,$A102))} -> 0 | I102: {=INDIRECT(ADDRESS(ROW($L$7),COLUMN($L$7),4,TRUE,$A102))} -> 4170 | J102: =H102-I102 -> -4170
A103: Totalt trivselrådet | D103: =sum(D102) -> 0 | E103: =sum(E102) -> 1035 | F103: =sum(F102) -> -1035 | H103: =sum(H102) -> 0 | I103: =sum(I102) -> 4170 | J103: =sum(J102) -> -4170
A105: Valberedningen
A106: VAL01 | B106: {=INDIRECT(ADDRESS(ROW($B$1),COLUMN($B$1),4,TRUE,$A106))} -> Allmänt | D106: {=INDIRECT(ADDRESS(ROW($J$6),COLUMN($J$6),4,TRUE,$A106))} -> 0 | E106: {=INDIRECT(ADDRESS(ROW($J$7),COLUMN($J$7),4,TRUE,$A106))} -> 10143 | F106: =D106-E106 -> -10143 | H106: {=INDIRECT(ADDRESS(ROW($L$6),COLUMN($L$6),4,TRUE,$A106))} -> 0 | I106: {=INDIRECT(ADDRESS(ROW($L$7),COLUMN($L$7),4,TRUE,$A106))} -> 22156 | J106: =H106-I106 -> -22156
A107: Totalt valberedningen | D107: =sum(D106) -> 0 | E107: =sum(E106) -> 10143 | F107: =sum(F106) -> -10143 | H107: =sum(H106) -> 0 | I107: =sum(I106) -> 22156 | J107: =sum(J106) -> -22156

Sheet Parametrar
A1: Parametrar
A2: För att enklara justera generella kostnader / parametrar för budgeten
A4: Namn / Reglering | I4: 2026 REV | K4: 2026
A6: Schablonkostnader
A7: Prisbasbelopp | I7: 59200 | K7: 59200
A8: Tack enl. policy | I8: =ROUND(0.0035*I7,0) -> 207 | K8: =ROUND(0.007*K7,0) -> 414
A9: Tröja enl. policy | I9: 350 | K9: 350
A10: Mat | I10: 0 | K10: 0
A13: Fortnox Licenskostnad (styck pris ink. moms)
A14: Fortnox — Bokföring | I14: 271.25
A15: Fortnox — Bokföring (för bokslut) | I15: 173.75
A16: Fortnox — Offert och order | I16: 142.5
A17: Fortnox — Fakturering | I17: 213.75
A18: Fortnox — Läs (Revisorer) | I18: 142.5
A19: Fortnox — Integration | I19: 271.25
A22: Alkohol
A23: FÖREGÅENDE ÅR - Ölkostnad | I23: 109538.8 | K23: 0
A24: FÖREGÅENDE ÅR - Övrig jäst dryckförsäljning | I24: 45749.38 | K24: 0
A25: FÖREGÅENDE ÅR - Vinkostnad | I25: 85382.75 | K25: 0
A26: FÖREGÅENDE ÅR - Spritdrycksförsäljning | I26: 94466.5 | K26: 0
A28: FÖREGÅENDE ÅR - Ölförsäljning | I28: 143692.91
A29: FÖREGÅENDE ÅR - Övrig jäst dryckförsäljning | I29: 40053.29
A30: FÖREGÅENDE ÅR - Vinförsäljning | I30: 112526.38
A31: FÖREGÅENDE ÅR - Spritdrycksförsäljning | I31: 289142.2
G32: (karnevalen kommer påverka våra säljsiffror)
A33: GENOMSNITTLIGT Påslag öl | E33: 1.6 | F33: x | G33: 0.9 | H33: = | I33: =E33*G33 -> 1.44 | K33: 0
A34: GENOMSNITTLIGT Påslag övrig jäst dryck | E34: 1.5 | F34: x | G34: 0.9 | H34: = | I34: =E34*G34 -> 1.35 | K34: 0
A35: GENOMSNITTLIGT Påslag vin | E35: 1.6 | F35: x | G35: 0.9 | H35: = | I35: =E35*G35 -> 1.44 | K35: 0
A36: GENOMSNITTLIGT Påslag spritdryck | E36: 3 | F36: x | G36: 0.9 | H36: = | I36: =E36*G36 -> 2.7 | K36: 0
A39: Sittning | M39: Sanity check
A40: Andel av total ölförsäljning | E40: =50792.01+1240.91 -> 52032.92 | F40: / | G40: =I28 -> 143692.91 | H40: = | I40: =E40/G40+I70 -> 0.44214367 | K40: 0 | M40: ÖL | N40: =I40+I46+I52+I58+I64 -> 1
A41: Andel av total ciderförsäljning | E41: 12172.69 | F41: / | G41: =I29 -> 40053.29 | H41: = | I41: =E41/G41+I71 -> 0.35558352 | K41: 0 | M41: Cider | N41: =I41+I47+I53+I59+I65 -> 1
A42: Andel av total vinförsäljning | E42: 60828.38 | F42: / | G42: =I30 -> 112526.38 | H42: = | I42: =E42/G42+I72 -> 0.5648487 | K42: 0 | M42: Vin | N42: =I42+I48+I54+I60+I66 -> 1
A43: Andel av total spritförsäljning | E43: 114126.2 | F43: / | G43: =I31 -> 289142.2 | H43: = | I43: =E43/G43+I73 -> 0.45892367 | K43: 0 | M43: Sprit | N43: =I43+I49+I55+I61+I67 -> 1
A45: Pub
A46: Andel av total ölförsäljning | E46: 47040 | F46: / | G46: =I28 -> 143692.91 | H46: = | I46: =E46/G46 -> 0.32736479 | K46: 0
A47: Andel av total ciderförsäljning | E47: 13166 | F47: / | G47: =I29 -> 40053.29 | H47: = | I47: =E47/G47 -> 0.32871207 | K47: 0
A48: Andel av total vinförsäljning | E48: 4131 | F48: / | G48: =I30 -> 112526.38 | H48: = | I48: =E48/G48 -> 0.036711392 | K48: 0
A49: Andel av total spritförsäljning | E49: 29433 | F49: / | G49: =I31 -> 289142.2 | H49: = | I49: =E49/G49 -> 0.1017942 | K49: 0
A51: NolleGasque
A52: Andel av total ölförsäljning | E52: 11610 | F52: / | G52: =I28 -> 143692.91 | H52: = | I52: =E52/G52 -> 0.080797306 | K52: 0
A53: Andel av total ciderförsäljning | E53: 3205 | F53: / | G53: =I29 -> 40053.29 | H53: = | I53: =E53/G53 -> 0.080018395 | K53: 0
A54: Andel av total vinförsäljning | E54: 28250 | F54: / | G54: =I30 -> 112526.38 | H54: = | I54: =E54/G54 -> 0.25105224 | K54: 0
A55: Andel av total spritförsäljning | E55: 41410 | F55: / | G55: =I31 -> 289142.2 | H55: = | I55: =E55/G55 -> 0.14321673 | K55: 0
A57: SkiphtesGasque
A58: Andel av total ölförsäljning | E58: 5610 | F58: / | G58: =I28 -> 143692.91 | H58: = | I58: =E58/G58 -> 0.039041592 | K58: 0
A59: Andel av total ciderförsäljning | E59: 1115 | F59: / | G59: =I29 -> 40053.29 | H59: = | I59: =E59/G59 -> 0.027837913 | K59: 0
A60: Andel av total vinförsäljning | E60: 16585 | F60: / | G60: =I30 -> 112526.38 | H60: = | I60: =E60/G60 -> 0.14738766 | K60: 0
A61: Andel av total spritförsäljning | E61: 16745 | F61: / | G61: =I31 -> 289142.2 | H61: = | I61: =E61/G61 -> 0.057912681 | K61: 0
A63: UtEDischot
A64: Andel av total ölförsäljning | E64: 15900 | F64: / | G64: =I28 -> 143692.91 | H64: = | I64: =E64/G64 -> 0.11065264 | K64: 0
A65: Andel av total ciderförsäljning | E65: 8325 | F65: / | G65: =I29 -> 40053.29 | H65: = | I65: =E65/G65 -> 0.20784809 | K65: 0
A66: Andel av total vinförsäljning | E66: 0 | F66: / | G66: =I30 -> 112526.38 | H66: = | I66: =E66/G66 -> 0 | K66: 0
A67: Andel av total spritförsäljning | E67: 68860 | F67: / | G67: =I31 -> 289142.2 | H67: = | I67: =E67/G67 -> 0.23815272 | K67: 0
A69: Alkohol bokförd utan kostnadställe
A70: Andel av total ölförsäljning | E70: =I28-E40-E46-E52-E58-E64 -> 11499.99 | F70: / | G70: =I28 -> 143692.91 | H70: = | I70: =E70/G70 -> 0.080031715 | K70: 0
A71: Andel av total ciderförsäljning | E71: =I29-E41-E47-E53-E59-E65 -> 2069.6 | F71: / | G71: =I29 -> 40053.29 | H71: = | I71: =E71/G71 -> 0.051671161 | K71: 0
A72: Andel av total vinförsäljning | E72: =I30-E42-E48-E54-E60-E66 -> 2732 | F72: / | G72: =I30 -> 112526.38 | H72: = | I72: =E72/G72 -> 0.024278751 | K72: 0
A73: Andel av total spritförsäljning | E73: =I31-E43-E49-E55-E61-E67 -> 18568 | F73: / | G73: =I31 -> 289142.2 | H73: = | I73: =E73/G73 -> 0.064217537 | K73: 0

Sheet AKTU01
A1: AKTU01 | B1: Funktionärer
A2: Mötesfika, tack, tröjor och jobbardricka för funktionärer i aktivitetsutskottet.
J4: 2026 REV | L4: 2026
A6: Summa intäkter | J6: =J12 -> 0 | L6: =L12 -> 0
A7: Summa utgifter | J7: =J45 -> 7546 | L7: =L45 -> 15792
A8: Resultat | J8: =J6-J7 -> -7546 | L8: =L6-L7 -> -15792
A10: Konto | B10: Namn
B12: Intäkter | J12: 0 | L12: 0
A14: 4002 | B14: Jobbarmat/Mötesfika
B15: Mötesfika | J15: 0 | L15: 0
B16: Summa | J16: =SUM(J15) -> 0 | L16: =SUM(L15) -> 0
A18: 5480 | B18: Arbetskläder och skyddsmaterial
B19: Tröja t. aktivitetsansvarig | J19: 0 | L19: 350
B20: Tröja t. vice aktivitetsansvarig | J20: 0 | L20: 350
B21: Tröjor t. UtEDischoansvariga | J21: 0 | L21: 700
B22: Tröja t. karnevalsansvarig | J22: 0 | L22: 350
B23: Tröjor t. sångarstridsförmän | J23: 0 | L23: 700
B24: Tröja t. Coach | F24: 2 | G24: × | H24: =Parametrar!$I$9 -> 350 | I24: = | J24: =F24*H24 -> 700 | L24: 700
B25: Tröja t. Idrottsförman | F25: 3 | G25: × | H25: =Parametrar!$I$9 -> 350 | I25: = | J25: =F25*H25 -> 1050 | L25: 1050
B26: Summa | J26: =SUM(J19:J25) -> 1750 | L26: =SUM(L19:L25) -> 4200
A28: 7600 | B28: Tack
B29: Tack t. aktivitetsansvarig | J29: =Parametrar!$I$8 -> 207 | L29: 414
B30: Tack t. vice aktivitetsansvarig | J30: =Parametrar!$I$8 -> 207 | L30: 414
B31: Tack t. Utedischoansvariga | F31: 2 | G31: × | H31: =Parametrar!$I$8 -> 207 | I31: = | J31: =F31*H31 -> 414 | L31: 828
B32: Tack t. karnevalsansvarig | F32: 0 | G32: × | H32: =Parametrar!$I$8 -> 207 | I32: = | J32: =F32*H32 -> 0 | L32: 0
B33: Tack t. sångarstridsförmän | F33: 2 | G33: × | H33: =Parametrar!$I$8 -> 207 | I33: = | J33: =F33*H33 -> 414 | L33: 828
B34: Tack t. D-sportare | F34: 3 | G34: × | H34: =Parametrar!$I$8 -> 207 | I34: = | J34: =F34*H34 -> 621 | L34: 1242
B35: Tack t. idrottsförmän | F35: 3 | G35: × | H35: =Parametrar!$I$8 -> 207 | I35: = | J35: =F35*H35 -> 621 | L35: 1242
B36: Tack t. LAN-partyansvariga | F36: 2 | G36: × | H36: =Parametrar!$I$8 -> 207 | I36: = | J36: =F36*H36 -> 414 | L36: 828
B37: Tack t. semesterfirare | F37: 2 | G37: × | H37: =Parametrar!$I$8 -> 207 | I37: = | J37: =F37*H37 -> 414 | L37: 828
B38: Tack t. tandemgeneral | F38: 0 | G38: × | H38: =Parametrar!$I$8 -> 207 | I38: = | J38: =F38*H38 -> 0 | L38: 0
B39: Tack t. funktionärer | F39: 8 | G39: × | H39: =Parametrar!$I$8 -> 207 | I39: = | J39: =F39*H39 -> 1656 | L39: 3312
B40: Tack t. nöjesförman | F40: 2 | G40: × | H40: =Parametrar!$I$8 -> 207 | I40: = | J40: =F40*H40 -> 414 | L40: 828
B41: Tack t. coach | F41: 2 | G41: × | H41: =Parametrar!$I$8 -> 207 | I41: = | J41: =F41*H41 -> 414 | L41: 828
B42: Summa | J42: =SUM(J29:J41) -> 5796 | L42: =SUM(L29:L41) -> 11592
B45: Kostnader | J45: =SUM(J13:J44)/2 -> 7546 | L45: =SUM(L14:L44)/2 -> 15792
B47: Resultat | J47: =J12-J45 -> -7546 | L47: =L12-L45 -> -15792

Sheet AKTU03
A1: AKTU03 | B1: UtEDischot
A2: D- och E-sektionens kolossala eftersläpp på E-husets parkering.
J4: 2026 REV | L4: 2026
A6: Summa intäkter | J6: =J21 -> 460595 | L6: =L21 -> 436500
A7: Summa utgifter | J7: =J66 -> 438810 | L7: =L66 -> 415731.5
A8: Resultat | J8: =J6-J7 -> 21785 | L8: =L6-L7 -> 20768.5
A10: Konto | B10: Namn
A12: 3000 | B12: Försäljning inom Sverige
B13: Biljetter | J13: 0 | L13: 399000
B14: Märken | F14: 1321 | G14: × | H14: 25 | J14: =F14*H14 -> 33025 | L14: 37500
B15: Summa | J15: =SUM(J13:J14) -> 33025 | L15: =SUM(L13:L14) -> 436500
A17: 3015 | B17: Biljettförsäljning
B18: Biljetter | F18: 1859 | G18: × | H18: 230 | I18: = | J18: =F18*H18 -> 427570 | L18: 0
B19: Summa | J19: =SUM(J17:J18) -> 427570 | L19: =SUM(L17:L18) -> 0
B21: Intäkter | J21: =SUM(J11:J19)/2 -> 460595 | L21: =SUM(L11:L16)/2 -> 436500
A23: 4000 | B23: Inköp av varor från Sverige
B24: Märken | F24: 2000 | G24: × | H24: =7.5*0.9*1.25 -> 8.4375 | J24: =F24*H24 -> 16875 | L24: 10500
B25: Summa | J25: =SUM(J24) -> 16875 | L25: =SUM(L24) -> 10500
A27: 4310 | B27: Arrangemangskostnader
B28: Scen och teknik | J28: 99500 | L28: 99500
B29: Emballage | J29: 100000 | L29: 100000
B30: Dekor | J30: 7000 | L30: 7000
B31: Biljettarmband | J31: 3500 | L31: 3500
B32: Engångsartiklar | J32: 3000 | L32: 3000
B33: Rider | J33: 8000 | L33: 0
B34: Summa | J34: =SUM(J28:J33) -> 221000 | L34: =SUM(L28:L33) -> 213000
A36: 6150 | B36: Trycksaker
B37: Affischer | J37: 0 | L37: 0
B38: Summa | J38: =SUM(J37) -> 0 | L38: =SUM(L37) -> 0
A40: 6590 | B40: Övriga externa tjänster
B41: Sjukvårdare | J41: 20000 | L41: 12313
B42: Artist | J42: 60000 | L42: 60000
B43: Summa | J43: =SUM(J41:J42) -> 80000 | L43: =SUM(L41:L42) -> 72313
A45: 6591 | B45: Vakter
B46: Ordningsvakter | J46: 66500 | L46: 66500
B47: Summa | J47: =SUM(J46) -> 66500 | L47: =SUM(L46) -> 66500
A49: 6950 | B49: Tillståndsavgifter
B50: Alkoholtillstånd | J50: 4870 | L50: 4870
B51: Summa | J51: =SUM(J50) -> 4870 | L51: =SUM(L50) -> 4870
A53: 7600 | B53: Tack
B54: Tackfest | J54: 24000 | L54: 24000
B55: Summa | J55: =SUM(J54) -> 24000 | L55: =SUM(L54) -> 24000
A57: 7602 | B57: Mötesdricka
B58: Möten | D58: 25 | E58: × | F58: 6 | G58: × | H58: 6 | I58: = | J58: =D58*F58*H58 -> 900 | L58: 900
B59: Under evenemanget | D59: 4 | E59: × | F59: 60 | G59: × | H59: 12 | I59: = | J59: =D59*F59*H59 -> 2880 | L59: 2880
B60: Summa | J60: =SUM(J58:J59) -> 3780 | L60: =SUM(L58:L59) -> 3780
A62: 8510 | B62: Vinstdelning
B63: Delning med E-sektionen | J63: =(J21 - SUM(J60,J55,J34,J51,J47,J43,J38,J25))/2 -> 21785 | L63: 20768.5
B64: Summa | J64: =SUM(J63) -> 21785 | L64: =SUM(L63) -> 20768.5
B66: Kostnader | J66: =SUM(J22:J65)/2 -> 438810 | L66: =SUM(L22:L65)/2 -> 415731.5
B68: Resultat | J68: =J21-J66 -> 21785 | L68: =L21-L66 -> 20768.5

Sheet AKTU04
A1: AKTU04 | B1: Externa evenemang
A2: Evenemang som inte primärt anordnas av sektionen, men som den deltar i.
J4: 2026 REV | L4: 2026
A6: Summa intäkter | J6: =J17 -> 40000 | L6: =L17 -> 40000
A7: Summa utgifter | J7: =J30 -> 41000 | L7: =L30 -> 48000
A8: Resultat | J8: =J6-J7 -> -1000 | L8: =L6-L7 -> -8000
A10: Konto | B10: Namn
A12: 3000 | B12: Försäljning inom Sverige
B13: Biljetter t. tandemstafetten | J13: 0 | L13: 0
B14: Bussbiljetter t. DÖMD | J14: 40000 | L14: 40000
B15: Summa | J15: =SUM(J13:J14) -> 40000 | L15: =SUM(L13:L14) -> 40000
B17: Intäkter | J17: =SUM(J11:J16)/2 -> 40000 | L17: =SUM(L11:L15)/2 -> 40000
A19: 4000 | B19: Inköp av varor från Sverige
B20: Biljetter t. tandemstafetten | J20: 0 | L20: 0
B21: Biljetter t. DÖMD | J21: 0 | L21: 0
B22: Summa | J22: =SUM(J20:J21) -> 0 | L22: =SUM(L20:L21) -> 0
A24: 4310 | B24: Arrangemangskostnader
B25: Tandem | J25: 0 | L25: 0
B26: Sångarstriden | J26: 1000 | L26: 8000
B27: Buss till DÖMD | J27: 40000 | L27: 40000
B28: Summa | J28: =SUM(J25:J27) -> 41000 | L28: =SUM(L25:L27) -> 48000
B30: Kostnader | J30: =SUM(J18:J29)/2 -> 41000 | L30: =SUM(L18:L29)/2 -> 48000
B32: Resultat | J32: =J17-J30 -> -1000 | L32: =L17-L30 -> -8000

Sheet AKTU07
A1: AKTU07 | B1: Evenemang
A2: Evenemang som aktivitetsutskottet anordnar.
J4: 2026 REV | L4: 2026
A6: Summa intäkter | J6: =J16 -> 30000 | L6: =L16 -> 30000
A7: Summa utgifter | J7: =J38 -> 66150 | L7: =L38 -> 66150
A8: Resultat | J8: =J6-J7 -> -36150 | L8: =L6-L7 -> -36150
A10: Konto | B10: Namn
A12: 3000 | B12: Försäljning inom Sverige
B13: Biljettförsäljning | J13: 30000 | L13: 30000
B14: Summa | J14: =SUM(J13) -> 30000 | L14: =L13 -> 30000
B16: Intäkter | J16: =SUM(J11:J15)/2 -> 30000 | L16: =SUM(L11:L15)/2 -> 30000
A18: 4310 | B18: Arrangemangskostnader, övrigt
B19: Arrangemangskostnader | J19: 30000 | L19: 30000
B20: Summa | J20: =SUM(J19) -> 30000 | L20: =SUM(L19) -> 30000
A22: 4311 | B22: Kostnader för frilufts- och idrottsarrangemang
B23: Veckovis idrott | F23: 30 | G23: × | H23: 375 | I23: = | J23: =F23*H23 -> 11250 | L23: 24650
B24: DICK planbokning | J24: =13400-J25 -> 9600 | L24: 0
B25: Korpenavgift | F25: 2 | G25: × | H25: 1900 | I25: = | J25: =F25*H25 -> 3800 | L25: 0
B26: Startavgift t. Lundaloppet | J26: 0 | L26: 0
B27: Övrigt | J27: 1000 | L27: 1000
B28: Summa | J28: =SUM(J23:J27) -> 25650 | L28: =SUM(L23:L27) -> 25650
A30: 8610 | B30: Subventioner
B31: DÖMD | J31: 0 | L31: 0
B32: Tandem | J32: 0 | L32: 0
B33: AktU-veckan | J33: 5000 | L33: 5000
B34: Brädfika | J34: 0 | L34: 0
B35: Övrigt | J35: 5500 | L35: 5500
B36: Summa | J36: =SUM(J31:J35) -> 10500 | L36: =SUM(L31:L35) -> 10500
B38: Kostnader | J38: =SUM(J17:J37)/2 -> 66150 | L38: =SUM(L17:L37)/2 -> 66150
B40: Resultat | J40: =J16-J38 -> -36150 | L40: =L16-L38 -> -36150

Sheet AKTU08
A1: AKTU08 | B1: Inventarie
A2: Inventarie för aktivitetsutskottet. T.ex. spel och sportutrustning
J4: 2026 REV | L4: 2026
A6: Summa intäkter | J6: =J12 -> 0 | L6: =L12 -> 0
A7: Summa utgifter | J7: =J21 -> 0 | L7: =L21 -> 0
A8: Resultat | J8: =J6-J7 -> 0 | L8: =L6-L7 -> 0
A10: Konto | B10: Namn
B12: Intäkter | J12: 0 | L12: 0
A14: 5410 | B14: Förbrukningsinventarie
B15: Idrottsutrustning | J15: 0 | L15: 0
B16: Idrottströjor | J16: 0 | L16: 0
B17: Konsoller | J17: 0 | L17: 0
B18: Brädspel | J18: 0 | L18: 0
B19: Summa | J19: =SUM(J15:J18) -> 0 | L19: =SUM(L15:L18) -> 0
B21: Kostnader | J21: =SUM(J13:J20)/2 -> 0 | L21: =SUM(L15:L19)/2 -> 0
B23: Resultat | J23: =J12-J21 -> 0 | L23: =L12-L21 -> 0

Sheet CAFE01
A1: CAFE01 | B1: Funktionärer
A2: Mötesfika, tack, tröjor, jobbarmat och jobbardricka för funktionärer i cafémästeriet.
J4: 2026 REV | L4: 2026
A6: Summa intäkter | J6: =J12 -> 0 | L6: =L12 -> 0
A7: Summa utgifter | J7: =J42 -> 28818 | L7: =L42 -> 42712
A8: Resultat | J8: =J6-J7 -> -28818 | L8: =L6-L7 -> -42712
A10: Konto | B10: Namn
B12: Intäkter | J12: 0 | L12: 0
A14: 4002 | B14: Jobbarmat/Mötesfika
B15: Läsperioder | F15: 4
B16: Läsveckor | F16: 7
B17: Öppetdagar per vecka | F17: 3
B18: Luncher per dag (1 per funkispass och 3 för dagisar) | F18: 7
B20: Jobbarmat | F20: =F15*F16*F17*F18 -> 588 | G20: × | H20: 30 | I20: = | J20: =F20*H20 -> 17640 | L20: 15456
B21: Mötesfika | J21: 0 | L21: 0
B22: Summa | J22: =SUM(J15:J21) -> 17640 | L22: =SUM(L20:L21) -> 15456
A24: 5480 | B24: Arbetskläder och skyddsmaterial
B25: Tröja t. cafémästare | J25: 0 | L25: 350
B26: Tröja t. vice cafémästare | J26: 0 | L26: 350
B27: Tröja t. brunchmästare | J27: 0 | L27: 700
B28: Tröjor t. dagsansvariga | J28: 0 | L28: 2800
B29: Tröjor t. inventarieansvariga | J29: 0 | L29: 700
B30: Summa | J30: =SUM(J25:J29) -> 0 | L30: =SUM(L25:L29) -> 4900
A32: 7600 | B32: Tack
B33: Tack t. cafémästare | J33: =Parametrar!$I$8 -> 207 | L33: 414
B34: Tack t. vice cafémästare | J34: =Parametrar!$I$8 -> 207 | L34: 414
B35: Tack t. brunchmästare | F35: 2 | G35: × | H35: =Parametrar!$I$8 -> 207 | J35: =F35*H35 -> 414 | L35: 828
B36: Tack t. dagsansvariga | F36: 8 | G36: × | H36: =Parametrar!$I$8 -> 207 | I36: = | J36: =F36*H36 -> 1656 | L36: 3312
B37: Tack t. inventarieansvariga | F37: 2 | G37: × | H37: =Parametrar!$I$8 -> 207 | I37: = | J37: =F37*H37 -> 414 | L37: 828
B38: Tack t. Bakis | F38: 5 | G38: x | H38: =Parametrar!$I$8 -> 207 | I38: = | J38: =F38*H38 -> 1035 | L38: 2070
B39: Tack t. funktionärer | F39: 35 | G39: × | H39: =Parametrar!$I$8 -> 207 | I39: = | J39: =F39*H39 -> 7245 | L39: 14490
B40: Summa | J40: =SUM(J33:J39) -> 11178 | L40: =SUM(L33:L39) -> 22356
B42: Kostnader | J42: =SUM(J13:J41)/2 -> 28818 | L42: =SUM(L13:L41)/2 -> 42712
B44: Resultat | J44: =J12-J42 -> -28818 | L44: =L12-L42 -> -42712

Sheet CAFE02
A1: CAFE02 | B1: D-café
A2: Kostnader och intäkter för daglig kaféverksamhet.
J4: 2026 REV | L4: 2026
A6: Summa intäkter | J6: =J25 -> 124710 | L6: =L25 -> 141510
A7: Summa utgifter | J7: =J35 -> 98740 | L7: =L35 -> 96220
A8: Resultat | J8: =J6-J7 -> 25970 | L8: =L6-L7 -> 45290
A10: Konto | B10: Namn
B12: Öppetdagar | D12: =PRODUCT(CAFE01!F15:F17) -> 84
B13: Dryck om dagen | D13: 40
B14: Mackor om dagen | D14: 25
B15: Snacks om dagen | D15: 0
A17: 3000 | B17: Försäljning av varor i Sverige
B18: Dryck | D18: =D12 -> 84 | E18: × | F18: =D13 -> 40 | G18: × | H18: 11 | I18: = | J18: =D12*D13*H18 -> 36960 | L18: 36960
B19: Mat | D19: =D12 -> 84 | E19: × | F19: =D14 -> 25 | G19: × | H19: 40 | I19: = | J19: =D19*D14*H19 -> 84000 | L19: 100800
B20: Snacks och godis | D20: =D12 -> 84 | E20: × | F20: =D15 -> 0 | G20: × | H20: 6 | I20: = | J20: =D20*F20*H20 -> 0 | L20: 0
B21: Hembakat | F21: 250 | G21: × | H21: 15 | I21: = | J21: =F21*H21 -> 3750 | L21: 3750
B22: Glass | F22: 0 | G22: × | H22: 15 | I22: = | J22: =F22*H22 -> 0 | L22: 0
B23: Summa | J23: =SUM(J18:J22) -> 124710 | L23: =SUM(L18:L22) -> 141510
B25: Intäkter | J25: =SUM(J11:J24)/2 -> 124710 | L25: =SUM(L11:L24)/2 -> 141510
A27: 4101 | B27: Livsmedel till försäljning
B28: Dryck | D28: =D12 -> 84 | E28: × | F28: =D13 -> 40 | G28: × | H28: 9 | I28: = | J28: =D28*F28*H28 -> 30240 | L28: 30240
B29: Mat | D29: =D12 -> 84 | E29: × | F29: =D14 -> 25 | G29: × | H29: =30 -> 30 | I29: = | J29: =D29*F29*H29 -> 63000 | L29: 60480
B30: Hembakat | F30: =F21 -> 250 | G30: × | H30: =H21*0.4 -> 6 | I30: = | J30: =F30*H30 -> 1500 | L30: 1500
B31: Snacks och godis | D31: =D12 -> 84 | E31: × | F31: =D15 -> 0 | G31: × | H31: 4.8 | I31: = | J31: =D31*F31*H31 -> 0 | L31: 0
B32: Engångsartiklar | J32: 4000 | L32: 4000
B33: Summa | J33: =SUM(J28:J32) -> 98740 | L33: =SUM(L28:L32) -> 96220
B35: Kostnader | J35: =SUM(J26:J34)/2 -> 98740 | L35: =SUM(L26:L34)/2 -> 96220
B37: Resultat | J37: =J25-J35 -> 25970 | L37: =L25-L35 -> 45290

Sheet CAFE04
A1: CAFE04 | B1: Övriga evenemang
A2: Övriga evenemang som cafémästeriet håller i. T.ex. bruncher.
J4: 2026 REV | L4: 2026
A6: Summa intäkter | J6: =J16 -> 15000 | L6: =L16 -> 15000
A7: Summa utgifter | J7: =J22 -> 13500 | L7: =L22 -> 13500
A8: Resultat | J8: =J6-J7 -> 1500 | L8: =L6-L7 -> 1500
A10: Konto | B10: Namn
A12: 3015 | B12: Biljettförsäljning
B13: Biljettförsäljning | F13: 300 | G13: × | H13: 50 | I13: = | J13: =F13*H13 -> 15000 | L13: 15000
B14: Summa | J14: =SUM(J13) -> 15000 | L14: =SUM(L13) -> 15000
B16: Intäkter | J16: =SUM(J11:J15)/2 -> 15000 | L16: =SUM(L11:L15)/2 -> 15000
A18: 4310 | B18: Arrangemangskostnader
B19: Mat + evenemangspecifikt | F19: 300 | G19: × | H19: 45 | I19: = | J19: =F19*H19 -> 13500 | L19: 13500
B20: Summa | J20: =SUM(J19) -> 13500 | L20: =SUM(L19) -> 13500
B22: Kostnader | J22: =SUM(J17:J21)/2 -> 13500 | L22: =SUM(L17:L21)/2 -> 13500
B24: Resultat | J24: =J16-J22 -> 1500 | L24: =L16-L22 -> 1500

Sheet CPU01
A1: CPU01 | B1: Centralprocessutskottet
A2: Övriga evenemang som cafémästeriet håller i. T.ex. bruncher.
J4: 2026 REV | L4: 2026
A6: Summa intäkter | J6: =J12 -> 0 | L6: =L12 -> 0
A7: Summa utgifter | J7: =J44 -> 16755 | L7: =L44 -> 30658
A8: Resultat | J8: =J6-J7 -> -16755 | L8: =L6-L7 -> -30658
A10: Konto | B10: Namn
B12: Intäkter | J12: =SUM(J11)/2 -> 0 | L12: 0
A14: 4000 | B14: Inköp av varor från Sverige
B15: Hårdvara | J15: 1000 | L15: 7500
B16: Summa | J16: =SUM(J15) -> 1000 | L16: =SUM(L15) -> 7500
A18: 4002 | B18: Jobbarmat/Mötesfika
B19: CPU-kvällar | J19: 7250 | L19: 7250
B20: Summa | J20: =SUM(J19) -> 7250 | L20: =SUM(L19) -> 7250
A22: 5420 | B22: Programvaror
B23: Domäner | J23: 1502 | L23: 1502
B24: Apple Developer | J24: 1000 | L24: 1000
B25: Expo (appbyggen) | J25: 0 | L25: 0
B26: Summa | J26: =SUM(J23:J25) -> 2502 | L26: =SUM(L23:L25) -> 2502
A28: 5480 | B28: Arbetskläder och skyddsmaterial
B29: Tröja t. Mästare | J29: 0 | L29: 350
B30: Tröja t. Vice | J30: 0 | L30: 350
B31: Tröja t. root | J31: 0 | L31: 350
B32: Tröja t. DWWW-ansvarig | J32: 0 | L32: 350
B33: Summa | J33: =SUM(J29:J32) -> 0 | L33: =SUM(L29:L32) -> 1400
A35: 7600 | B35: Tack
B36: Tack t. Mästare | J36: =Parametrar!$I$8 -> 207 | L36: 414
B37: Tack t. Vice | J37: =Parametrar!$I$8 -> 207 | L37: 414
B38: Tack t. root | J38: =Parametrar!$I$8 -> 207 | L38: 414
B39: Tack t. DWWW-ansvarig | J39: =Parametrar!$I$8 -> 207 | L39: 414
B40: Tack t. Utvecklare | F40: 10 | G40: x | H40: =Parametrar!$I$8 -> 207 | I40: = | J40: =F40*H40 -> 2070 | L40: 4140
B41: Tack t. funktionärer | F41: 15 | G41: x | H41: =Parametrar!$I$8 -> 207 | I41: = | J41: =F41*H41 -> 3105 | L41: 6210
B42: Summa | J42: =SUM(J36:J41) -> 6003 | L42: =SUM(L36:L41) -> 12006
B44: Kostnader | J44: =SUM(J13:J43)/2 -> 16755 | L44: =SUM(L13:L43)/2 -> 30658
B46: Resultat | J46: =J12-J44 -> -16755 | L46: =L12-L44 -> -30658

Sheet FRA01
A1: FRA01 | B1: Allmänt
A2: Framtidsutskottets hela budget.
J4: 2026 REV | L4: 2026
A6: Summa intäkter | J6: =J12 -> 0 | L6: =L12 -> 0
A7: Summa utgifter | J7: =J34 -> 6884 | L7: =L34 -> 14468
A8: Resultat | J8: =J6-J7 -> -6884 | L8: =L6-L7 -> -14468
A10: Konto | B10: Namn
B12: Intäkter | J12: 0 | L12: 0
A14: 4002 | B14: Mötesfika/Jobbarmat
B15: Mötesfika | J15: 0 | L15: 0
B16: Mat t. långa möten | D16: 2 | E16: × | F16: 12 | G16: × | H16: =Parametrar!I10 -> 0 | I16: = | J16: =D16*F16*H16 -> 0 | L16: 0
B17: Summa | J17: =SUM(J15:J16) -> 0 | L17: =SUM(L15:L16) -> 0
A19: 4310 | B19: Arrangemangskostnader
B20: Evenemang med mat | J20: 4400 | L20: 4400
B21: Evenemang med fika | J21: 0 | L21: 900
B22: Summa | J22: =SUM(J20:J21) -> 4400 | L22: =SUM(L20:L21) -> 5300
A24: 5480 | B24: Arbetskläder och skyddsmaterial
B25: Tröja t. framtidsordförande | J25: 0 | L25: 350
B26: Tröjor t. framtidsledamöter | J26: 0 | L26: 3850
B27: Summa | J27: =SUM(J25:J26) -> 0 | L27: =SUM(L25:L26) -> 4200
A29: 7600 | B29: Tack
B30: Tack t. framtidsordföranden | J30: =Parametrar!$I$8 -> 207 | L30: 414
B31: Tack t. framtidsledamöter | F31: 11 | G31: × | H31: =Parametrar!$I$8 -> 207 | I31: = | J31: =F31*H31 -> 2277 | L31: 4554
B32: Summa | J32: =SUM(J30:J31) -> 2484 | L32: =SUM(L30:L31) -> 4968
B34: Kostnader | J34: =SUM(J13:J33)/2 -> 6884 | L34: =SUM(L13:L33)/2 -> 14468
B36: Resultat | J36: =J12-J34 -> -6884 | L36: =L12-L34 -> -14468

Sheet INFU01
A1: INFU01 | B1: Allmänt
A2: Mötesfika, tack och övriga utgifter för informationsutskottet.
J4: 2026 REV | L4: 2026
A6: Summa intäkter | J6: =J12 -> 0 | L6: =L12 -> 0
A7: Summa utgifter | J7: =J48 -> 13203 | L7: =L48 -> 19842
A8: Resultat | J8: =J6-J7 -> -13203 | L8: =L6-L7 -> -19842
A10: Konto | B10: Namn
B12: Intäkter | J12: 0 | L12: 0
A14: 4002 | B14: Jobbarmat/Mötesfika
B15: Mötesfika | J15: 0 | L15: 0
B16: InfU-kvällsmat och mötesfika | J16: 6000 | L16: 6000
B17: Summa | J17: =SUM(J15:J16) -> 6000 | L17: =SUM(L15:L16) -> 6000
A19: 5420 | B19: Programvaror
B20: Adobe Creative Cloud | J20: 0 | L20: 0
B21: Canva pro | J21: 1200 | L21: 1200
B22: Apple Developer | J22: 0 | L22: 0
B23: Kameramjukvara | J23: 0 | L23: 0
B24: Spotify | F24: 0 | G24: x | H24: 119 | J24: =F24*H24 -> 0 | L24: 0
B25: Summa | J25: =SUM(J20:J24) -> 1200 | L25: =SUM(L20:L24) -> 1200
A27: 5480 | B27: Arbetskläder och skyddsmaterial
B28: Tröja t. informationsansvarig | J28: 0 | L28: 350
B29: Tröja t. vice informationsansvarig | J29: 0 | L29: 350
B30: Tröja t. ShopaholiC | J30: 0 | L30: 350
B31: Summa | J31: =SUM(J28:J30) -> 0 | L31: =SUM(L28:L30) -> 1050
A33: 7600 | B33: Tack
B34: Tack t. informationsansvarig | J34: =Parametrar!$I$8 -> 207 | L34: 414
B35: Tack t. vice informationsansvarig | J35: =Parametrar!$I$8 -> 207 | L35: 414
B36: Tack t. arkivarier | F36: 3 | G36: × | H36: =Parametrar!$I$8 -> 207 | I36: = | J36: =F36*H36 -> 621 | L36: 1242
B37: Tack t. artister | F37: 3 | G37: × | H37: =Parametrar!$I$8 -> 207 | I37: = | J37: =F37*H37 -> 621 | L37: 1242
B38: Tack t. filmare | F38: 3 | G38: × | H38: =Parametrar!$I$8 -> 207 | I38: = | J38: =F38*H38 -> 621 | L38: 1242
B39: Tack t. fotografer | F39: 3 | G39: × | H39: =Parametrar!$I$8 -> 207 | I39: = | J39: =F39*H39 -> 621 | L39: 1242
B40: Tack t. redaktör | F40: 1 | G40: x | H40: =Parametrar!$I$8 -> 207 | I40: = | J40: =F40*H40 -> 207 | L40: 414
B41: Tack t. shopaholic | F41: 1 | G41: × | H41: =Parametrar!$I$8 -> 207 | I41: = | J41: =F41*H41 -> 207 | L41: 414
B42: Tack t. märkvärdiga | F42: 2 | G42: × | H42: =Parametrar!$I$8 -> 207 | I42: = | J42: =H42*F42 -> 414 | L42: 828
B43: Tack t. skald | F43: 1 | G43: × | H43: =Parametrar!$I$8 -> 207 | I43: = | J43: =F43*H43 -> 207 | L43: 0
B44: Tack t. journalist | F44: 3 | G44: x | H44: =Parametrar!$I$8 -> 207 | J44: =F44*H44 -> 621 | L44: 1242
B45: Tack t. funktionärer | F45: 7 | G45: × | H45: =Parametrar!$I$8 -> 207 | I45: = | J45: =F45*H45 -> 1449 | L45: 2898
B46: Summa | J46: =SUM(J34:J45) -> 6003 | L46: =SUM(L34:L45) -> 11592
B48: Kostnader | J48: =SUM(J13:J47)/2 -> 13203 | L48: =SUM(L13:L47)/2 -> 19842
B50: Resultat | J50: =J12-J48 -> -13203 | L50: =L12-L48 -> -19842

Sheet INFU03
A1: INFU03 | B1: D-shopen
A2: Sektionens affär för märken, merch och liknande.
J4: 2026 REV | L4: 2026
A6: Summa intäkter | J6: =J19 -> 160650 | L6: =L19 -> 160650
A7: Summa utgifter | J7: =J32 -> 127500 | L7: =L32 -> 127500
A8: Resultat | J8: =J6-J7 -> 33150 | L8: =L6-L7 -> 33150
A10: Konto | B10: Namn
A12: 3000 | B12: Försäljning inom Sverige
B13: Tygmärken | J13: 37000 | L13: 37000
B14: Ouveraller | F14: 190 | G14: × | H14: 435 | I14: = | J14: =F14*H14 -> 82650 | L14: 82650
B15: Sektionsmerch | J15: 15000 | L15: 15000
B16: Sångböcker | J16: 26000 | L16: 26000
B17: Summa | J17: =SUM(J13:J16) -> 160650 | L17: =SUM(L13:L16) -> 160650
B19: Intäkter | J19: =SUM(J17) -> 160650 | L19: =SUM(L11:L18)/2 -> 160650
A21: 4000 | B21: Inköp av varor från Sverige
B22: Tygmärken | J22: 35000 | L22: 35000
B23: Ouveraller | F23: 200 | G23: × | H23: 412.5 | I23: = | J23: =H23*F23 -> 82500 | L23: 82500
B24: Sektionsmerch | J24: 10000 | L24: 10000
B25: Sångböcker | J25: 0 | L25: 0
B26: Summa | J26: =SUM(J22:J25) -> 127500 | L26: =SUM(L22:L25) -> 127500
A28: 5420 | B28: Programvaror
B29: Adobe creative cloud | J29: 0 | L29: 0
B30: Summa | J30: =SUM(J29) -> 0 | L30: 0
B32: Kostnader | J32: =SUM(J20:J31)/2 -> 127500 | L32: =SUM(L20:L31)/2 -> 127500
B34: Resultat | J34: =J19-J32 -> 33150 | L34: =L19-L32 -> 33150

Sheet KAL01
A1: KAL01 | B1: Funktionärer
A2: Mötesfika, tröjor och tack för källarmästeriet.
J4: 2026 REV | L4: 2026
A6: Summa intäkter | J6: =J12 -> 0 | L6: 0
A7: Summa utgifter | J7: =J39 -> 15633 | L7: =L39 -> 20566
A8: Resultat | J8: =J6-J7 -> -15633 | L8: =L6-L7 -> -20566
A10: Konto | B10: Namn
B12: Intäkter | J12: 0 | L12: 0
A14: 4002 | B14: Jobbarmat/Mötesfika
B15: Fixarkvällsmat | J15: 4000 | L15: 4000
B16: Snickerboamat | J16: 7000 | L16: 7000
B17: Summa | J17: =SUM(J15:J16) -> 11000 | L17: =SUM(L15:L16) -> 11000
A19: 4310 | B19: Arrangemangskostnader
B20: Pepparkakshusbyggartävling | J20: 0 | L20: 1000
B21: Summa | J21: =SUM(J20) -> 0 | L21: =SUM(L20) -> 1000
A23: 5480 | B23: Arbetskläder och skyddsmaterial
B24: Tröja t. källarmästare | J24: =Parametrar!$I$9 -> 350 | L24: 350
B25: Tröja t. vice källarmästare | J25: =Parametrar!$I$9 -> 350 | L25: 350
B26: Tröja t. root | J26: 0 | L26: 0
B27: Tröja t. vice root | J27: 0 | L27: 0
B28: Summa | J28: =SUM(J24:J27) -> 700 | L28: =SUM(L24:L27) -> 700
A30: 7600 | B30: Tack
B31: Tack t. källarmästare | J31: =Parametrar!$I$8 -> 207 | L31: 414
B32: Tack t. vice källarmästare | J32: =Parametrar!$I$8 -> 207 | L32: 414
B33: Tack t. trädgårdsmästare | F33: 2 | G33: × | H33: =Parametrar!$I$8 -> 207 | I33: = | J33: =F33*H33 -> 414 | L33: 828
B34: Tack t. ljud och ljus-ansvariga | F34: 5 | G34: × | H34: =Parametrar!$I$8 -> 207 | I34: = | J34: =F34*H34 -> 1035 | L34: 2070
B35: Tack t. bilansvariga | F35: 2 | G35: × | H35: =Parametrar!$I$8 -> 207 | I35: = | J35: =F35*H35 -> 414 | L35: 828
B36: Tack t. funktionärer | F36: 8 | G36: × | H36: =Parametrar!$I$8 -> 207 | I36: = | J36: =F36*H36 -> 1656 | L36: 3312
B37: Summa | J37: =SUM(J31:J36) -> 3933 | L37: =SUM(L31:L36) -> 7866
B39: Kostnader | J39: =SUM(J13:J38)/2 -> 15633 | L39: =SUM(L14:L38)/2 -> 20566
B41: Resultat | J41: =J12-J39 -> -15633 | L41: =L12-L39 -> -20566

Sheet KAL04
A1: KAL04 | B1: Inventarie
A2: Underhåll av iDét samt inköp av nya inventarier och verktyg.
J4: 2026 REV | L4: 2026
A6: Summa intäkter | J6: =J20 -> 1500 | L6: =L20 -> 1500
A7: Summa utgifter | J7: =J30 -> 42600 | L7: =L30 -> 42600
A8: Resultat | J8: =J6-J7 -> -41100 | L8: =L6-L7 -> -41100
A10: Konto | B10: Namn
A12: 3000 | B12: Försäljning inom Sverige
B13: Materialförsäljning | J13: =J26 -> 500 | L13: 500
B14: Summa | J14: =SUM(J12:J13) -> 500 | L14: =SUM(L13) -> 500
A16: 3911 | B16: Hyresintäkter
B17: Uthyrning av inventarier | J17: 1000 | L17: 1000
B18: Summa | J18: =SUM(J17) -> 1000 | L18: =SUM(L17) -> 1000
B20: Intäkter | J20: =SUM(J11:J19)/2 -> 1500 | L20: =SUM(L11:L19)/2 -> 1500
A22: 4000 | B22: Inköp av varor från Sverige
B23: Växter | J23: 1100 | L23: 1100
B24: Lokalinventarier | J24: 35000 | L24: 35000
B25: Ljud och ljus | J25: 1000 | L25: 1000
B26: För materialförsäljning | J26: 500 | L26: 500
B27: Kioskfärg | J27: 5000 | L27: 5000
B28: Summa | J28: =SUM(J23:J27) -> 42600 | L28: =SUM(L23:L27) -> 42600
B30: Kostnader | J30: =SUM(J21:J29)/2 -> 42600 | L30: =SUM(L21:L29)/2 -> 42600
B32: Resultat | J32: =J20-J30 -> -41100 | L32: =L20-L30 -> -41100

Sheet MED01
A1: MED01 | B1: Allmänt
A2: Medaljelelekommiténs hela budget.
J4: 2026 REV | L4: 2026
A6: Summa intäkter | J6: =J16 -> 2500 | L6: 2500
A7: Summa utgifter | J7: =J36 -> 3035 | L7: 4420
A8: Resultat | J8: =J6-J7 -> -535 | L8: -1920
A10: Konto | B10: Namn
A12: 3000 | B12: Försäljning av varor i Sverige
B13: Frackband m.m. | J13: 2500 | L13: 2500
B14: Summa | J14: =SUM(J13) -> 2500 | L14: 2500
B16: Intäkter | J16: =SUM(J14) -> 2500 | L16: 2500
A18: 4000 | B18: Inköp av varor från Sverige
B19: Medaljer | J19: 1000 | L19: 1000
B20: Frackband | J20: 1000 | L20: 1000
B21: Summa | J21: =SUM(J19:J20) -> 2000 | L21: 2000
A23: 4002 | B23: Jobbarmat/Mötesfika
B24: Mötesfika | J24: 0 | L24: 0
B25: Summa | J25: =SUM(J24) -> 0 | L25: 0
A27: 5480 | B27: Arbetskläder och skyddsmaterial
B28: Tröja t. övermarskalk | J28: 0 | L28: 350
B29: Summa | J29: =SUM(J28) -> 0 | L29: 350
A31: 7600 | B31: Tack
B32: Tack t. övermarskalk | J32: =Parametrar!$I$8 -> 207 | L32: 414
B33: Tack t. medlemmar | F33: 4 | G33: × | H33: =Parametrar!$I$8 -> 207 | I33: = | J33: =F33*H33 -> 828 | L33: 1656
B34: Summa | J34: =SUM(J32:J33) -> 1035 | L34: 2070
B36: Kostnader | J36: =SUM(J17:J35)/2 -> 3035 | L36: 4420
B38: Resultat | J38: =J16-J36 -> -535 | L38: -1920

Sheet NARU01
A1: NARU01 | B1: Funktionärer
A2: Mötesfika, tröjor och tack för näringslivsutskottet.
J4: 2026 REV | L4: 2026
A6: Summa intäkter | J6: =J12 -> 0 | L6: 0
A7: Summa utgifter | J7: =J39 -> 12084 | L7: 11840
A8: Resultat | J8: =J6-J7 -> -12084 | L8: -11840
A10: Konto | B10: Namn
B12: Intäkter | J12: 0 | L12: 0
A14: 4002 | B14: Jobbarmat/Mötesfika
B15: Mötesfika | J15: 0 | L15: 0
B16: Summa | J16: =SUM(J15) -> 0 | L16: 0
A18: 5480 | B18: Arbetskläder och skyddsmaterial
B19: Tröja t. näringslivsansvarig | J19: =Parametrar!$I$9 -> 350 | L19: 350
B20: Tröja t. vice näringslivsansvarig | J20: =Parametrar!$I$9 -> 350 | L20: 350
B21: Tröja t. alumniansvarig | J21: =Parametrar!$I$9 -> 350 | L21: 350
B22: Tröja t. mentorsansvarig | J22: 0 | L22: 350
B23: Summa | J23: =SUM(J19:J22) -> 1050 | L23: 1400
A25: 6530 | B25: Redovisningstjänster
B26: Fortnox — Offert & Order | D26: 2 | E26: × | F26: 12 | G26: × | H26: =Parametrar!$I$16 -> 142.5 | I26: = | J26: =D26*F26*H26 -> 3420 | L26: 2376
B27: Fortnox — Fakturering | D27: 2 | E27: × | F27: 12 | G27: × | H27: =Parametrar!$I$17 -> 213.75 | I27: = | J27: =D27*F27*H27 -> 5130 | L27: 3096
B28: Summa | J28: =SUM(J26:J27) -> 8550 | L28: 5472
A30: 7600 | B30: Tack
B31: Tack t. näringslivsansvarig | J31: =Parametrar!$I$8 -> 207 | L31: 414
B32: Tack t. vice näringslivsansvarig | J32: =Parametrar!$I$8 -> 207 | L32: 414
B33: Tack t. mentorsansvarig | F33: 0 | G33: x | H33: =Parametrar!$I$8 -> 207 | J33: =F33*H33 -> 0 | L33: 0
B34: Tack t. alumniansvarig | J34: =Parametrar!$I$8 -> 207 | L34: 414
B35: Tack t. funktionärer i alumnigruppen | F35: 4 | G35: × | H35: =Parametrar!$I$8 -> 207 | I35: = | J35: =F35*H35 -> 828 | L35: 1656
B36: Tack t. funktionärer i NärU | F36: 5 | G36: × | H36: =Parametrar!$I$8 -> 207 | I36: = | J36: =F36*H36 -> 1035 | L36: 2070
B37: Summa | J37: =SUM(J31:J36) -> 2484 | L37: 4968
B39: Kostnader | J39: =SUM(J13:J38)/2 -> 12084 | L39: 11840
B41: Resultat | J41: =J12-J39 -> -12084 | L41: -11840

Sheet NARU02
A1: NARU02 | B1: Spons
A2: All sponseringsverksamhet som näringslivsutskottet gör. Värt att nämna är att stabens sponseringsarbete och intäkter för företagspubar också hamnar här.
J4: 2026 REV | L4: 2026
A6: Summa intäkter | J6: =J44 -> 575025 | L6: 600235
A7: Summa utgifter | J7: =J68 -> 319525 | L7: 275535
A8: Resultat | J8: =J6-J7 -> 255500 | L8: 324700
A10: Konto | B10: Namn
B12: Antal lunchföreläsningar | D12: 5
B13: Antal företagspubar | D13: 3
B14: Matkostnad per företagspub | D14: 7500
B15: Matkostnad per lunchföreläsning | D15: 8000
B16: Dryckkostnad per lunchföreläsning | D16: 1000
A18: 3000 | B18: Försäljning inom Sverige
B19: Lunchföreläsningar
B20: Mat | F20: =D$12 -> 5 | G20: × | H20: =D15 -> 8000 | I20: = | J20: =F20*H20 -> 40000 | L20: 56000
B21: Dryck | F21: =D$12 -> 5 | G21: × | H21: =D16 -> 1000 | I21: = | J21: =F21*H21 -> 5000 | L21: 7000
B22: Lokalbokning | F22: =D$12 -> 5 | G22: × | H22: 1505 | I22: = | J22: =F22*H22 -> 7525 | L22: 10535
B23: Premie | F23: =D$12 -> 5 | G23: × | H23: 15100 | I23: = | J23: =F23*H23 -> 75500 | L23: 105700
B25: Pubar
B26: Mat | F26: =D$13 -> 3 | G26: × | H26: 7500 | I26: = | J26: =F26*H26 -> 22500 | L26: 15000
B27: Premie | F27: =D$13 -> 3 | G27: × | H27: 19000 | I27: = | J27: =F27*H27 -> 57000 | L27: 38000
B29: Nollning
B30: Tröjspons | J30: 35000 | L30: 35000
B31: Chepsspons | J31: 25000 | L31: 25000
B32: Ryggsäck sidoplatser | F32: 5 | G32: × | H32: 27500 | I32: = | J32: =F32*H32 -> 137500 | L32: 125000
B33: Ryggsäck mittplatser | F33: 2 | G33: × | H33: 32500 | I33: = | J33: =F33*H33 -> 65000 | L33: 60000
B34: Hoodies | J34: 70000 | L34: 70000
B35: Merch | J35: 0 | L35: 0
B37: Övrigt
B38: Monter | J38: 5000 | L38: 5000
B39: Marknadsföring | J39: 10000 | L39: 43000
B40: Evenemang | J40: 20000 | L40: 20000
B41: Koppar | J41: 0 | L41: 0
B42: Summa | J42: =SUM(J20:J41) -> 575025 | L42: =SUM(L20:L41) -> 615235
B44: Intäkter | J44: =SUM(J20:J43)/2 -> 575025 | L44: =SUM(L20:L43)/2 -> 615235
A46: 4310 | B46: Arrangemangskostnader
B47: Mat t. lunchföreläsningar | F47: =D$12 -> 5 | G47: × | H47: =D15 -> 8000 | I47: = | J47: =F47*H47 -> 40000 | L47: 56000
B48: Dryck t. lunchföreläsningar | F48: =D$12 -> 5 | G48: × | H48: =D16 -> 1000 | I48: = | J48: =F48*H48 -> 5000 | L48: 7000
B49: Evenemang | J49: 2000 | L49: 2000
B50: Summa | J50: =SUM(J47:J49) -> 47000 | L50: 65000
A52: 4320 | B52: Sponsmaterial
B53: Ryggsäckar | J53: 85000 | L53: 85000
B54: Hoodies | J54: 70000 | L54: 65000
B55: Merch | J55: 0 | L55: 0
B56: Chepsar | J56: 25000 | L56: 0
B57: Nollningströjor | J57: 35000 | L57: 0
B58: Summa | J58: =SUM(J53:J57) -> 215000 | L58: 150000
A60: 4730 | B60: Erhållna rabatter
B61: Paketrabatter | J61: 50000 | L61: 50000
B62: Summa | J62: =SUM(J61) -> 50000 | L62: 50000
A64: 5010 | B64: Lokalhyra
B65: Lokalbokning t. lunchföreläsningar | F65: =D$12 -> 5 | G65: × | H65: =H22 -> 1505 | I65: = | J65: =J22 -> 7525 | L65: 10535
B66: Summa | J66: =SUM(J65) -> 7525 | L66: 10535
B68: Kostnader | J68: =SUM(J45:J67)/2 -> 319525 | L68: =SUM(L45:L67)/2 -> 275535
B70: Resultat | J70: =J44-J68 -> 255500 | L70: 324700

Sheet NARU03
A1: NARU03 | B1: Alumnigruppen
A2: Alumnigruppens mötesfika och verksamhet.
J4: 2026 REV | L4: 2026
A6: Summa intäkter | J6: =J16 -> 30250 | L6: 30250
A7: Summa utgifter | J7: =J26 -> 27000 | L7: 27000
A8: Resultat | J8: =J6-J7 -> 3250 | L8: 3250
A10: Konto | B10: Namn
A12: 3015 | B12: Biljettförsäljning
B13: Biljettförsäljning | J13: 30250 | L13: 30250
B14: Summa | J14: =SUM(J13) -> 30250 | L14: 30250
B16: Intäkter | J16: =SUM(J11:J15)/2 -> 30250 | L16: 30250
A18: 4002 | B18: Jobbarmat/Mötesfika
B19: Mötesfika | J19: 0 | L19: 0
B20: Summa | J20: =SUM(J19) -> 0 | L20: 0
A22: 4310 | B22: Arrangemangskostnader
B23: Alumnimiddag el. motsvarande | J23: 27000 | L23: 27000
B24: Summa | J24: =SUM(J23) -> 27000 | L24: 27000
B26: Kostnader | J26: =SUM(J17:J25)/2 -> 27000 | L26: 27000
B28: Resultat | J28: =J16-J26 -> 3250 | L28: 3250

Sheet NOLL01
A1: NOLL01 | B1: Funktionärer
A2: Mötesfika, tröjor och tack för nollningsutskottet.
J4: 2026 REV | L4: 2026
A6: Summa intäkter | J6: =J16 -> 10000 | L6: 10000
A7: Summa utgifter | J7: =J47 -> 45519 | L7: 69868
A8: Resultat | J8: =J6-J7 -> -35519 | L8: -59868
A10: Konto | B10: Namn
A12: 3015 | B12: Biljettfösäljning
B13: Phadderkickoff | J13: 10000 | L13: 10000
B14: Summa | J14: =SUM(J13) -> 10000 | L14: 10000
B16: Intäkter | J16: =SUM(J11:J15)/2 -> 10000 | L16: 10000
A18: 4002 | B18: Jobbarmat/Mötesfika
B19: Mötesfika | J19: 0 | L19: 0
B20: Summa | J20: =SUM(J19) -> 0 | L20: 0
A22: 4310 | B22: Arrangemangskostnader
B23: Phaddermys | F23: 11 | G23: × | H23: 2000 | I23: = | J23: =F23*H23 -> 22000 | L23: 22000
B24: Phadderkickoff | J24: 10000 | L24: 10000
B25: Summa | J25: =SUM(J23:J24) -> 32000 | L25: 32000
A27: 5480 | B27: Arbetskläder och skyddsmaterial
B28: Tröja t. Øverphøs | J28: 0 | L28: 350
B29: Tröjor t. stabsmedlemmar | J29: 0 | L29: 1750
B30: Tröjor t. Øverpeppare | J30: 0 | L30: 700
B31: Tröjor t. peppare | J31: 0 | L31: 3150
B32: Utstyrsel t. phaddrar | F32: 124 | G32: × | H32: 0 | I32: = | J32: =F32*H32 -> 0 | L32: 14880
B33: Summa | J33: =SUM(J28:J32) -> 0 | L33: 20830
A35: 7600 | B35: Tack
B36: Tack t. Øverphøs | J36: =Parametrar!$I$8 -> 207 | L36: 414
B37: Tack t. stabsmedlemmar | F37: 5 | G37: × | H37: =Parametrar!$I$8 -> 207 | I37: = | J37: =F37*H37 -> 1035 | L37: 2070
B38: Tack t. Øverpeppare | F38: 2 | G38: × | H38: =Parametrar!$I$8 -> 207 | I38: = | J38: =F38*H38 -> 414 | L38: 828
B39: Tack t. peppare | F39: 9 | G39: × | H39: =Parametrar!$I$8 -> 207 | I39: = | J39: =F39*H39 -> 1863 | L39: 3726
B40: Tack t. funktionärer | F40: 0 | G40: × | H40: =Parametrar!$I$8 -> 207 | I40: = | J40: =F40*H40 -> 0 | L40: 0
B41: Summa | J41: =SUM(J36:J40) -> 3519 | L41: 7038
A43: 7604 | B43: Förenat tack
B44: Nolletack | J44: 10000 | L44: 10000
B45: Summa | J45: =SUM(J44) -> 10000 | L45: 10000
B47: Kostnader | J47: =SUM(J17:J46)/2 -> 45519 | L47: 69868
B49: Resultat | J49: =J16-J47 -> -35519 | L49: -59868

Sheet NOLL02
A1: NOLL02 | B1: Material
A2: Material till nollningen.
J4: 2026 REV | L4: 2026
A6: Summa intäkter | J6: =J16 -> 0 | L6: =L16 -> 0
A7: Summa utgifter | J7: =J37 -> 42000 | L7: =L37 -> 102000
A8: Resultat | J8: =J6-J7 -> -42000 | L8: =L6-L7 -> -102000
A10: Konto | B10: Namn
A12: 3000 | B12: Försäljning inom Sverige
B13: Vattenballonger | J13: 0 | L13: 0
B14: Summa | J14: =SUM(J13) -> 0 | L14: 0
B16: Intäkter | J16: =SUM(J11:J15)/2 -> 0 | L16: 0
A18: 4000 | B18: Uppdragsmaterial
B19: Plankor m.m. | J19: 10000 | L19: 10000
B20: Cheeroutfits | J20: 2000 | L20: 2000
B21: Vattenballonger | J21: 0 | L21: 0
B22: Summa | J22: =SUM(J19:J20) -> 12000 | L22: 12000
A24: 4320 | B24: Sponsmaterial
B25: Chepsar | J25: 0 | L25: 25000
B26: Nollningströjor | J26: 0 | L26: 35000
B27: Summa | J27: =SUM(J25:J26) -> 0 | L27: 60000
A29: 5480 | B29: Arbetskläder och skyddsmaterial
B30: Stass | J30: 27000 | L30: 27000
B31: Summa | J31: =SUM(J30) -> 27000 | L31: 27000
A33: 6150 | B33: Trycksaker
B34: Väggschema | J34: 3000 | L34: 3000
B35: Summa | J35: =SUM(J34) -> 3000 | L35: 3000
B37: Kostnader | J37: =SUM(J17:J36)/2 -> 42000 | L37: =SUM(L17:L36)/2 -> 102000
B39: Resultat | J39: =J16-J37 -> -42000 | L39: =L16-L37 -> -102000

Sheet NOLL03
A1: NOLL03 | B1: Pepparna
A2: Pepparnas utstyrslar och evenemang.
J4: 2026 REV | L4: 2026
A6: Summa intäkter | J6: =J12 -> 0 | L6: 0
A7: Summa utgifter | J7: =J22 -> 46400 | L7: 46400
A8: Resultat | J8: =J6-J7 -> -46400 | L8: -46400
A10: Konto | B10: Namn
B12: Intäkter | J12: 0 | L12: 0
A14: 5480 | B14: Arbetskläder och skyddsmaterial
B15: Utstyrslar | F15: 11 | G15: × | H15: 900 | I15: = | J15: =F15*H15 -> 9900 | L15: 9900
B16: Summa | J16: =SUM(J15) -> 9900 | L16: 9900
A18: 4310 | B18: Arrangemangskostnader
B19: Peppevenemang | J19: 36500 | L19: 36500
B20: Summa | J20: =SUM(J19) -> 36500 | L20: 36500
B22: Kostnader | J22: =SUM(J13:J21)/2 -> 46400 | L22: 46400
B24: Resultat | J24: =J12-J22 -> -46400 | L24: -46400

Sheet NOLL04
A1: NOLL04 | B1: Evenemang
A2: Evenemang under nollningen.
J4: 2026 REV | L4: 2026
A6: Summa intäkter | J6: =J19 -> 144500 | L6: 104000
A7: Summa utgifter | J7: =J37 -> 194100 | L7: 153600
A8: Resultat | J8: =J6-J7 -> -49600 | L8: -49600
A10: Konto | B10: Namn
A12: 3015 | B12: Biljettfösäljning
B13: FlyING och INGvasion | J13: 40000 | L13: 40000
B14: Phaddersittning | J14: 10000 | L14: 10000
B15: Nationssittning | J15: 54000 | L15: 54000
B16: Teknologkårsmössor | F16: 675 | G16: x | H16: 60 | I16: = | J16: =F16*H16 -> 40500 | L16: 0
B17: Summa | J17: =SUM(J13:J16) -> 144500 | L17: 104000
B19: Intäkter | J19: =SUM(J11:J18)/2 -> 144500 | L19: 104000
A21: 4310 | B21: Arrangemangskostnader
B22: Phaddersittning | J22: 10000 | L22: 10000
B23: Nationssittning | J23: 54000 | L23: 54000
B24: Övriga evenemang | J24: 40000 | L24: 40000
B25: Teknologkårsmössor | F25: 675 | G25: x | H25: 60 | I25: = | J25: =F25*H25 -> 40500 | L25: 0
B26: Summa | J26: =SUM(J22:J25) -> 144500 | L26: 104000
A28: 4730 | B28: Erhållna rabatter
B29: Subventionering | J29: 9600 | L29: 9600
B30: Stabens sittningsbiljetter | L30: 0
B31: Summa | J31: =SUM(J27:J29) -> 9600 | L31: 9600
A33: 5810 | B33: Biljetter
B34: FlyING och INGvasion | J34: 40000 | L34: 40000
B35: Summa | J35: =SUM(J32:J34) -> 40000 | L35: 40000
B37: Kostnader | J37: =SUM(J20:J36)/2 -> 194100 | L37: 153600
B39: Resultat | J39: =J19-J37 -> -49600 | L39: -49600

Sheet SEKT01
A1: SEKT01 | B1: Funktionärer
A2: Saker som gäller alla funktionärer men som inte är tack.
J4: 2026 REV | L4: 2026
A6: Summa intäkter | J6: =J12 -> 0 | L6: 0
A7: Summa utgifter | J7: =J34 -> 4000 | L7: 5000
A8: Resultat | J8: =J6-J7 -> -4000 | L8: -5000
A10: Konto | B10: Namn
B12: Intäkter | J12: 0 | L12: 0
A14: 4330 | B14: Utlottningar och tävlingar
B15: Pris t. D-Compassen | J15: 1000 | L15: 1000
B16: Summa | J16: =SUM(J15) -> 1000 | L16: 1000
A18: 5900 | B18: Reklam och PR
B19: Marknadsföring
B20: Summa | J20: =SUM(J19) -> 0 | L20: 0
A22: 7610 | B22: Utbildning
B23: Funktionärsutbildning | F23: 0 | G23: × | H23: 50 | I23: = | J23: =F23*H23 -> 0 | L23: 0
B24: Summa | J24: =SUM(J23) -> 0 | L24: 0
A26: 7691 | B26: Rekrytering
B27: Sektionspub eller liknande | J27: 3000 | L27: 4000
B28: Summa | J28: =SUM(J27) -> 3000 | L28: 4000
A30: 8610 | B30: Subventionering
B31: Disponibelt | J31: 0 | L31: 0
B32: Summa | J32: =SUM(J31) -> 0 | L32: 0
B34: Kostnader | J34: =SUM(J13:J33)/2 -> 4000 | L34: 5000
B36: Resultat | J36: =J12-J34 -> -4000 | L36: -5000

Sheet SEKT02
A1: SEKT02 | B1: Sektionsmöte
A2: Arrangering av sektionsmöten, sektionens högst beslutande organ. Mellan 4 och 5 brukar arrangeras årligen.
J4: 2026 REV | L4: 2026
A6: Summa intäkter | J6: =J12 -> 0 | L6: 0
A7: Summa utgifter | J7: =J23 -> 23000 | L7: 23000
A8: Resultat | J8: =J6-J7 -> -23000 | L8: -23000
A10: Konto | B10: Namn
B12: Intäkter | J12: 0 | L12: 0
A14: 4000 | B14: Inköp av varor från Sverige
B15: Merch | F15: 0 | G15: × | H15: 4000 | I15: = | J15: =F15*H15 -> 0 | L15: 0
B16: Summa | J16: =SUM(J15) -> 0 | L16: 0
A18: 6450 | B18: Bolagsstämma/års- eller föreningsstämma
B19: Mat | D19: 7 | E19: x | F19: 100 | G19: × | H19: 30 | I19: = | J19: =(D19*F19)*H19 -> 21000 | L19: 21000
B20: Övrigt | J20: 2000 | L20: 2000
B21: Summa | J21: =SUM(J19:J20) -> 23000 | L21: 23000
B23: Kostnader | J23: =SUM(J13:J22)/2 -> 23000 | L23: 23000
B25: Resultat | J25: =J12-J23 -> -23000 | L25: -23000

Sheet SEKT03
A1: SEKT03 | B1: Tack
A2: Tack för alla sektionens funktionärer samt tack och tröjor till förtroendevalda utan utskott.
J4: 2026 | L4: 2026 REV
A6: Summa intäkter | J6: =J12 -> 0 | L6: 0
A7: Summa utgifter | J7: =J29 -> 828 | L7: 2706
A8: Resultat | J8: =J6-J7 -> -828 | L8: -2706
A10: Konto | B10: Namn
B12: Intäkter | J12: 0 | L12: 0
A14: 4000 | B14: Inköp av varor från Sverige
B15: Kvarvarande jubileumsmedaljer | J15: =F15*H15 -> 0 | L15: 0
B16: Summa | J16: =SUM(J15) -> 0 | L16: 0
A18: 5480 | B18: Arbetskläder och skyddsmaterial
B19: Tröjor t. revisorer | J19: 0 | L19: 700
B20: Tröja t. talman | J20: 0 | L20: 350
B21: Summa | J21: =SUM(J19:J20) -> 0 | L21: 1050
A23: 7600 | B23: Tack
B24: Tack t. revisorer | F24: 2 | G24: × | H24: =Parametrar!$I$8 -> 207 | I24: = | J24: =F24*H24 -> 414 | L24: 828
B25: Tack t. talman | J25: =Parametrar!$I$8 -> 207 | L25: 414
B26: Tack t. inspektorn | J26: =Parametrar!$I$8 -> 207 | L26: 414
B27: Summa | J27: =SUM(J24:J26) -> 828 | L27: 1656
B29: Kostnader | J29: =SUM(J14:J28)/2 -> 828 | L29: 2706
B31: Resultat | J31: =J12-J29 -> -828 | L31: -2706

Sheet SEKT05
A1: SEKT05 | B1: Gemensamma kostnader
A2: Kostnader som går ut över alla sektionens utskott.
J4: 2026 REV | L4: 2026
A6: Summa intäkter | J6: =J12 -> 0 | L6: 0
A7: Summa utgifter | J7: =J65 -> 71395 | L7: 65692
A8: Resultat | J8: =J6-J7 -> -71395 | L8: -65692
A10: Konto | B10: Namn
B12: Intäkter | J12: 0 | L12: 0
A14: 5460 | B14: Förbrukningsmaterial
B15: Toner | J15: 5000 | L15: 5000
B16: Rengöringsartiklar osv. | J16: 15000 | L16: 15000
B17: Summa | J17: =SUM(J15:J16) -> 20000 | L17: 20000
A19: 5580 | B19: Underhåll och tvätt av arbetskläder
B20: Tvätt av jobbarkläder | F20: 10 | G20: × | H20: 200 | I20: = | J20: =F20*H20 -> 2000 | L20: 2000
B21: Summa | J21: =SUM(J20) -> 2000 | L21: 2000
A23: 5611 | B23: Drivmedel för personbilar
B24: Bensin t. sektionsbilen | J24: 17000 | L24: 15000
B25: Summa | J25: =SUM(J24) -> 17000 | L25: 15000
A27: 5612 | B27: Försäkring och skatt för personbilar
B28: Skadeförsäkring f. sektionsbilen | J28: 2500 | L28: 2500
B29: Fordonsskatt f. sektionsbilen | J29: 1800 | L29: 1572
B30: Summa | J30: =SUM(J28:J29) -> 4300 | L30: 4072
A32: 5619 | B32: Övriga personbilskostnader
B33: Ny bil | J33: 0 | L33: 0
B34: Parkering vid LTH | F34: 2 | G34: × | H34: 800 | I34: = | J34: =F34*H34 -> 1600 | L34: 1600
B35: Parkering på andra platser | J35: 1000 | L35: 1000
B36: Besiktning | J36: 620 | L36: 620
B37: Summa | J37: =SUM(J33:J36) -> 3220 | L37: 3220
A39: 6070 | B39: Representation
B40: Gåvor t. sektioner, kransar t. begravningar, osv. | J40: 3000 | L40: 3000
B41: Summa | J41: =SUM(J40) -> 3000 | L41: 3000
A43: 6150 | B43: Trycksaker
B44: Informationsutskottet | J44: 0 | L44: 0
B45: Källarmästeriet | J45: 0 | L45: 0
B46: Nollningsutskottet | J46: 0 | L46: 0
B47: Sexmästeriet | J47: 0 | L47: 0
B48: Studierådet | J48: 0 | L48: 0
B49: Näringslivsutskottet | J49: 0 | L49: 0
B50: Cafémästeriet | J50: 0 | L50: 0
B51: Trivselrådet | J51: 0 | L51: 0
B52: Aktivitetsutskottet | J52: 0 | L52: 0
B53: Tidningen | J53: 6400 | L53: 6400
B54: Affischer | J54: 12000 | L54: 12000
B55: Summa | J55: =SUM(J44:J54) -> 18400 | L55: 18400
A57: 6590 | B57: Övriga externa tjänster
B58: CostCo medlemsavgift | J58: 500 | L58: 0
B59: Summa | J59: =SUM(J58) -> 500 | L59: 0
A61: 7610 | B61: Utbildning
B62: Ersättningsutbildning C-cert | F62: 2 | G62: x | H62: 1487.5 | J62: =F62*H62 -> 2975 | L62: 0
B63: Summa | J63: =SUM(J62) -> 2975 | L63: 0
B65: Kostnader | J65: =SUM(J13:J64)/2 -> 71395 | L65: 65692
B67: Resultat | J67: =J12-J65 -> -71395 | L67: -65692

Sheet SEKT06
A1: SEKT06 | B1: Administration
A2: Administrativa kostnader och intäkter.
J4: 2026 REV | L4: 2026
A6: Summa intäkter | J6: =J16 -> 45000 | L6: 43850
A7: Summa utgifter | J7: =J24 -> 29000 | L7: 21000
A8: Resultat | J8: =J6-J7 -> 16000 | L8: 22850
A10: Konto | B10: Namn
A12: 3990 | B12: Bidrag
B13: Sektionsbidrag | J13: 45000 | L13: 43850
B14: Summa | J14: =SUM(J13) -> 45000 | L14: 43850
B16: Intäkter | J16: =SUM(J11:J15)/2 -> 45000 | L16: 43850
A18: 6950 | B18: Myndighetsavgifter
B19: Stadigvarande tillstånd | J19: 17000 | L19: 10000
B20: PBI-avgift | J20: 6000 | L20: 5000
B21: Livsmedelinspektion | J21: 6000 | L21: 6000
B22: Summa | J22: =SUM(J19:J21) -> 29000 | L22: 21000
B24: Kostnader | J24: =SUM(J17:J23)/2 -> 29000 | L24: 21000
B26: Resultat | J26: =J16-J24 -> 16000 | L26: 22850

Sheet SEKT07
A1: SEKT07 | B1: Jobbardricka
A2: Kaffe, te, choklad och läsk åt funktionärer.
J4: 2026 REV | L4: 2026
A6: Summa intäkter | J6: =J12 -> 0 | L6: 0
A7: Summa utgifter | J7: =J40 -> 36476.14 | L7: 66550
A8: Resultat | J8: =J6-J7 -> -36476.14 | L8: -66550
A10: Konto | B10: Namn
B12: Intäkter | J12: =0 -> 0 | L12: 0
A14: 7603 | B14: Kaffe, te, mjölk och choklad
B15: Kaffe, te, choklad | J15: 10000 | L15: 10000
B16: Summa | J16: =SUM(J15) -> 10000 | L16: 10000
A18: 7602 | B18: Mötesdricka
B19: Cafémästeriet | J19: 3500 | L19: 3500
B20: Centralprocessutskottet | J20: 607.2 | L20: 2850
B21: Nollningsutskottet | J21: 770.46 | L21: 7500
B22: Källarmästeriet | J22: 400 | L22: 3000
B23: Sexmästeriet | J23: 14000 | L23: 14000
B24: Aktivitetutskottet | J24: 777.38 | L24: 2300
B25: Näringslivsutskottet | J25: 118.33 | L25: 1000
B26: Studierådet | J26: 518.81 | L26: 3000
B27: Skattmästeriet | J27: 181.94 | L27: 1100
B28: Informationsutskottet | J28: 317.5 | L28: 1500
B29: Styrelsen diskussionsmöten | J29: 0 | L29: 2000
B30: Styrelsemöten | J30: 0 | L30: 2500
... B36: Tackmästeriet | J36: 0 | L36: 1000
B37: Summa | J37: =SUM(J19:J36) -> 26476.14 | L37: 56550
B40: Kostnader | J40: =SUM(J13:J39)/2 -> 36476.14 | L40: 66550
B42: Resultat | J42: =J12-J40 -> -36476.14 | L42: -66550

Sheet SEKT08
A1: SEKT08 | B1: Fonder
A2: Påfyllning av fonder. För mer detaljer, se policy för fonder.
J4: 2026 REV | L4: 2026
A6: Summa intäkter | J6: =J12 -> 0 | L6: 0
A7: Summa utgifter | J7: =J22 -> 0 | L7: 0
A8: Resultat | J8: =J6-J7 -> 0 | L8: 0
A10: Konto | B10: Namn
B12: Intäkter | J12: 0 | L12: 0
A14: 8811 | B14: Avsättning t. fonder
B15: Inventariefonden | J15: 0 | L15: 0
B16: Bilfonden | J16: 0 | L16: 0
B17: Projektfonden | J17: 0 | L17: 0
B18: Medaljfonden | J18: 0 | L18: 0
B19: Jubileumsfonden | J19: 0 | L19: 0
B20: Summa | J20: =SUM(J15:J19) -> 0 | L20: 0
B22: Kostnader | J22: =SUM(J13:J21)/2 -> 0 | L22: 0
B24: Resultat | J24: =J12-J22 -> 0 | L24: 0

Sheet SEX01
A1: SEX01 | B1: Funktionärer
A2: Mötesfika, tröjor och tack för sexmästeriet.
J4: 2026 REV | L4: 2026
A6: Summa intäkter | J6: =J12 -> 0 | L6: 0
A7: Summa utgifter | J7: =J54 -> 39091 | L7: 45350
A8: Resultat | J8: =J6-J7 -> -39091 | L8: -45350
A10: Konto | B10: Namn
B12: Intäkter | J12: 0 | L12: 0
A14: 4002 | B14: Jobbarmat/Mötesfika
B15: Jobbarmat | D15: 0 | E15: × | F15: 18 | G15: × | H15: 110 | I15: = | J15: =D15*F15*H15 -> 0 | L15: 0
B16: Summa | J16: =SUM(J15) -> 0 | L16: 0
A18: 5480 | B18: Arbetskläder och skyddsmaterial
B19: Kockkläder t. köket | F19: 5 | G19: × | H19: =700 -> 700 | I19: = | J19: =F19*H19 -> 3500 | L19: 3500
B20: Kockkläder t. sektionskockar | F20: 5 | G20: × | H20: =700 -> 700 | I20: = | J20: =F20*H20 -> 3500 | L20: 3500
B21: Jacka t. sexmästare | J21: =Parametrar!$I$9 -> 350 | L21: 350
B22: Jacka t. vice sexmästare | J22: =Parametrar!$I$9 -> 350 | L22: 350
B23: Jacka t. barmästare | J23: =Parametrar!$I$9 -> 350 | L23: 350
B24: Jacka t. hovmästare | J24: =Parametrar!$I$9 -> 350 | L24: 350
B25: Jacka t. köksmästare | J25: =Parametrar!$I$9 -> 350 | L25: 350
B26: Jacka t. pubmästare | J26: =Parametrar!$I$9 -> 350 | L26: 350
B27: Jackor t. vice barmästare | F27: 2 | G27: × | H27: =Parametrar!$I$9 -> 350 | I27: = | J27: =F27*H27 -> 700 | L27: 700
B28: Jackor t. sångförmän | F28: 2 | G28: × | H28: =Parametrar!$I$9 -> 350 | I28: = | J28: =F28*H28 -> 700 | L28: 700
B29: Jackor t. vice pubmästare | F29: 4 | G29: × | H29: =Parametrar!$I$9 -> 350 | I29: = | J29: =F29*H29 -> 1400 | L29: 1050
B30: Jackor t. vice köksmästare | F30: 3 | G30: × | H30: =Parametrar!$I$9 -> 350 | I30: = | J30: =F30*H30 -> 1050 | L30: 1050
B31: Jacka t. preferensmästare | F31: 1 | G31: × | H31: =Parametrar!$I$9 -> 350 | I31: = | J31: =F31*H31 -> 350 | L31: 350
B32: Summa | J32: =SUM(J19:J31) -> 13300 | L32: 12950
A34: 6500 | B34: Övriga externa tjänster (gruppkonto)
B35: Knivbrev | F35: 4 | G35: × | H35: 600 | I35: = | J35: =F35*H35 -> 2400 | L35: 2400
B36: Summa | J36: =SUM(J35) -> 2400 | L36: 2400
A38: 7600 | B38: Tack
B39: Tack t. Precidie | F39: 2 | G39: x | H39: =Parametrar!$I$8 -> 207 | I39: = | J39: =F39*H39 -> 414
B40: Tack t. Köksmästeriet | F40: 5 | G40: × | H40: =Parametrar!$I$8 -> 207 | I40: = | J40: =F40*H40 -> 1035
B41: Tack t. Barmästeriet | F41: 3 | G41: × | H41: =Parametrar!$I$8 -> 207 | I41: = | J41: =F41*H41 -> 621
B42: Tack t. Pubmästeriet | F42: 5 | G42: × | H42: =Parametrar!$I$8 -> 207 | I42: = | J42: =F42*H42 -> 1035
B43: Tack t. Hovmästeriet | F43: 3 | G43: x | H43: =Parametrar!$I$8 -> 207 | J43: =F43*H43 -> 621
B44: Tack t. Vinförmän | F44: 3 | G44: × | H44: =Parametrar!$I$8 -> 207 | I44: = | J44: =F44*H44 -> 621
B45: Tack t. Ölförmännen | F45: 4 | G45: x | H45: =Parametrar!$I$8 -> 207 | J45: =F45*H45 -> 828
B46: Tack t. TappaD | F46: 2 | G46: x | H46: =Parametrar!$I$8 -> 207 | J46: =F46*H46 -> 414
B47: Tack t. Sektionskock | F47: 6 | G47: x | H47: =Parametrar!$I$8 -> 207 | J47: =F47*H47 -> 1242
B48: Summa | J48: =SUM(J39:J47) -> 6831
A50: 7604 | B50: Förenat tack
B51: Sextack | F51: 80 | G51: × | H51: =Parametrar!$I$8 -> 207 | I51: = | J51: =F51*H51 -> 16560 | L51: 30000
B52: Summa | J52: =SUM(J51) -> 16560 | L52: 30000
B54: Kostnader | J54: =SUM(J13:J53)/2 -> 39091 | L54: 45350
B56: Resultat | J56: =J12-J54 -> -39091 | L56: -45350

Sheet SEX02
A1: SEX02 | B1: Sittningar
A2: Sexmästeriets sittningar och eftersläpp, exklusive UtEDischot.
J4: 2026 REV | L4: 2026
A6: Summa intäkter | J6: =J33 -> 560705.02 | L6: 390500
A7: Summa utgifter | J7: =J61 -> 522280.86 | L7: 324900
A8: Resultat | J8: =J6-J7 -> 38424.154 | L8: 65600
A10: Konto | B10: Namn
A12: 3000 | B12: Försäljning i Sverige
B13: Märken | J13: 0 | L13: 5000
B14: Alkoholfritt | J14: 6000 | L14: 6000
B15: Summa | J15: =SUM(J13:J14) -> 6000 | L15: 11000
A17: 3010 | B17: Livsmedelsförsäljning
B18: Mat på eftersläpp | J18: 1500 | L18: 1500
B19: Summa | J19: =SUM(J18) -> 1500 | L19: 1500
A21: 3011-3014 | B21: Alkoholförsäljning
B22: Öl | F22: =Parametrar!$I$33 -> 1.44 | G22: x | H22: =J40 -> 48431.887 | I22: = | J22: =F22*H22 -> 69741.917 | L22: 38250
B23: Övrig jäst dryck | F23: =Parametrar!$I$34 -> 1.35 | G23: x | H23: =J41 -> 16267.726 | I23: = | J23: =F23*H23 -> 21961.43 | L23: 6750
B24: Spritdryck | F24: =Parametrar!$I$35 -> 1.44 | G24: x | H24: =J42 -> 48228.336 | I24: = | J24: =F24*H24 -> 69448.803 | L24: 75600
B25: Vin | F25: =Parametrar!$I$36 -> 2.7 | G25: x | H25: =J43 -> 43352.913 | I25: = | J25: =F25*H25 -> 117052.87 | L25: 23400
B26: Summa | J26: =SUM(J22:J25) -> 278205.02 | L26: 144000
A28: 3015 | B28: Biljettförsäljning
B29: T. sittningar och eftersläpp | J29: 250000 | L29: 234000
B30: Inbakad märkeskostnad | J30: 25000 | L30: 0
B31: Summa | J31: =SUM(J29:J30) -> 275000 | L31: 234000
B33: Intäkter | J33: =SUM(J11:J32)/2 -> 560705.02 | L33: 390500
A35: 4000 | B35: Inköp av varor från Sverige
B36: Märken | J36: 20000 | L36: 5000
B37: Summa | J37: =SUM(J36) -> 20000 | L37: 5000
A39: 4011-4014 | B39: Alkoholkostnader
B40: Öl | F40: =Parametrar!$I$40 -> 0.44214367 | G40: x | H40: =Parametrar!$I$23 -> 109538.8 | I40: = | J40: =F40*H40 -> 48431.887 | L40: 0
B41: Övrig jäst dryck | F41: =Parametrar!$I$41 -> 0.35558352 | G41: x | H41: =Parametrar!$I$24 -> 45749.38 | I41: = | J41: =F41*H41 -> 16267.726 | L41: 0
B42: Spritdryck | F42: =Parametrar!$I$42 -> 0.5648487 | G42: x | H42: =Parametrar!$I$25 -> 85382.75 | I42: = | J42: =F42*H42 -> 48228.336 | L42: 0
B43: Vin | F43: =Parametrar!$I$43 -> 0.45892367 | G43: x | H43: =Parametrar!$I$26 -> 94466.5 | I43: = | J43: =F43*H43 -> 43352.913 | L43: 0
B44: Summa | J44: =SUM(J40:J43) -> 156280.86 | L44: 0
A46: 4101 | B46: Livsmedel till försäljning
B47: Mat | J47: 170000 | L47: 150000
B48: Groggvirke | J48: 10000 | L48: 15000
B49: Summa | J49: =SUM(J47:J48) -> 180000 | L49: 165000
A51: 4310 | B51: Arrangemangskostnader
B52: Hyra | J52: 140000 | L52: 65000
B53: Dekorationer | F53: 10 | G53: × | H53: 1000 | I53: = | J53: =F53*H53 -> 10000 | L53: 10000
B54: Marknadsföring | J54: 0 | L54: 0
B55: Summa | J55: =SUM(J52:J54) -> 150000 | L55: 75000
A57: 6950 | B57: Myndighetsavgifter
B58: Alkoholtillstånd | F58: 10 | G58: × | H58: 1600 | I58: = | J58: =F58*H58 -> 16000 | L58: 16000
B59: Summa | J59: =SUM(J58) -> 16000 | L59: 16000
B61: Kostnader | J61: =SUM(J34:J60)/2 -> 522280.86 | L61: 324900
B63: Resultat | J63: =J33-J61 -> 38424.154 | L63: 65600

Sheet SEX03
A1: SEX03 | B1: Pubar
A2: Sexmästeriets pubar, exklusive företagspubar.
J4: 2026 REV | L4: 2026
A6: Summa intäkter | J6: =J31 -> 154916.27 | L6: 127700
A7: Summa utgifter | J7: =J58 -> 159248.18 | L7: 121850
A8: Resultat | J8: =J6-J7 -> -4331.9144 | L8: 5850
A10: Konto | B10: Namn
B12: Pubar inte i iDét | D12: 3
B13: Matkostnad per företagspub | D13: =NARU02!D14 -> 7500
B14: Företagspubar | D14: 3
A15: 3000 | B15: Försäljning inom Sverige
B16: Alkoholfritt | J16: 2500 | L16: 2500
B17: Märken | J17: 10000 | L17: 0
B18: Summa | J18: =SUM(J16:J17) -> 12500 | L18: 2500
A20: 3010 | B20: Livsmedelsförsäljning
B21: Mat | J21: 40000 | L21: 25000
B22: Summa | J22: =SUM(J21) -> 40000 | L22: 25000
A24: 3011-3014 | B24: Alkoholförsäljning
B25: Öl | F25: =Parametrar!$I$33 -> 1.44 | G25: x | H25: =J38 -> 35859.147 | I25: = | J25: =F25*H25 -> 51637.171 | L25: 53550
B26: Övrig jäst dryck | F26: =Parametrar!$I$34 -> 1.35 | G26: x | H26: =J39 -> 15038.374 | I26: = | J26: =F26*H26 -> 20301.804 | L26: 9450
B27: Spritdryck | F27: =Parametrar!$I$35 -> 1.44 | G27: x | H27: =J40 -> 3134.5196 | I27: = | J27: =F27*H27 -> 4513.7082 | L27: 27000
B28: Vin | F28: =Parametrar!$I$36 -> 2.7 | G28: x | H28: =J41 -> 9616.1421 | I28: = | J28: =F28*H28 -> 25963.584 | L28: 2700
B29: Summa | J29: =SUM(J25:J28) -> 102416.27 | L29: 92700
B31: Intäkter | J31: =SUM(J11:J30)/2 -> 154916.27 | L31: 127700
A33: 4000 | B33: Inköp av varor från Sverige
B34: Märken | J34: 10000 | L34: 5000
B35: Summa | J35: =SUM(J34) -> 10000 | L35: 5000
A37: 4011-4014 | B37: Alkoholkostnader
B38: Öl | F38: =Parametrar!$I$46 -> 0.32736479 | G38: x | H38: =Parametrar!$I$23 -> 109538.8 | I38: = | J38: =F38*H38 -> 35859.147 | L38: 0
B39: Övrig jäst dryck | F39: =Parametrar!$I$47 -> 0.32871207 | G39: x | H39: =Parametrar!$I$24 -> 45749.38 | I39: = | J39: =F39*H39 -> 15038.374 | L39: 0
B40: Spritdryck | F40: =Parametrar!$I$48 -> 0.036711392 | G40: x | H40: =Parametrar!$I$25 -> 85382.75 | I40: = | J40: =F40*H40 -> 3134.5196 | L40: 0
B41: Vin | F41: =Parametrar!$I$49 -> 0.1017942 | G41: x | H41: =Parametrar!$I$26 -> 94466.5 | I41: = | J41: =F41*H41 -> 9616.1421 | L41: 0
B42: Summa | J42: =SUM(J38:J41) -> 63648.182 | L42: 0
A44: 4101 | B44: Livsmedel till försäljning
B45: Alkoholfritt | J45: 2500 | L45: 5000
B46: Groggvirke | J46: 5000 | L46: 14000
B47: Mat | D47: =D13 -> 7500 | E47: x | F47: =D14 -> 3 | G47: + | H47: 40000 | I47: = | J47: =H47+F47*D47 -> 62500 | L47: 37500
B48: Summa | J48: =SUM(J45:J47) -> 70000 | L48: 56500
A50: 4310 | B50: Arrangemangskostnader
B51: Dekorationer | J51: 6000 | L51: 6000
B52: Summa | J52: =SUM(J51) -> 6000 | L52: 6000
A54: 6950 | B54: Myndighetsavgifter
B55: Alkoholtillstånd | F55: =D12+D14 -> 6 | G55: × | H55: 1600 | I55: = | J55: =F55*H55 -> 9600 | L55: 11200
B56: Summa | J56: =SUM(J55) -> 9600 | L56: 11200
B58: Kostnader | J58: =SUM(J33:J57)/2 -> 159248.18 | L58: 121850
B60: Resultat | J60: =J31-J58 -> -4331.9144 | L60: 5850

Sheet SEX04
A1: SEX04 | B1: Nollegasque
A2: Nollegasquen.
J4: 2026 REV | L4: 2026
A6: Summa intäkter | J6: =J33 -> 215352.66 | L6: 184126
A7: Summa utgifter | J7: =J61 -> 161285.95 | L7: 155940
A8: Resultat | J8: =J6-J7 -> 54066.716 | L8: 28186
A10: Konto | B10: Namn
B12: Ungefärligt antal gäster | D12: 286
A13: 3000 | B13: Försäljning inom Sverige
B14: Alkoholfritt | J14: 600 | L14: 0
B15: Summa | J15: =SUM(J13:J14) -> 600 | L15: =SUM(L13:L14) -> 0
A17: 3010 | B17: Livsmedelsförsäljning
B18: Mat på eftersläpp | J18: 700 | L18: 500
B19: Summa | J19: =SUM(J17:J18) -> 700 | L19: 500
A21: 3011-3014 | B21: Alkoholförsäljning
B22: Öl | F22: =Parametrar!$I$33 -> 1.44 | G22: x | H22: =J41 -> 8850.4399 | I22: = | J22: =F22*H22 -> 12744.633 | L22: 10404
B23: Övrig jäst dryck | F23: =Parametrar!$I$34 -> 1.35 | G23: x | H23: =J42 -> 3660.792 | I23: = | J23: =F23*H23 -> 4942.0692 | L23: 2835
B24: Spritdryck | F24: =Parametrar!$I$35 -> 1.44 | G24: x | H24: =J43 -> 21435.531 | I24: = | J24: =F24*H24 -> 30867.164 | L24: 63450
B25: Vin | F25: =Parametrar!$I$36 -> 2.7 | G25: x | H25: =J44 -> 13529.183 | I25: = | J25: =F25*H25 -> 36528.794 | L25: 36000
B26: Summa | J26: =SUM(J22:J25) -> 85082.661 | L26: 112689
A28: 3015 | B28: Biljettförsäljning
B29: Till gasquen | F29: =D12 -> 286 | G29: × | H29: 395 | I29: = | J29: =F29*H29 -> 112970 | L29: 108500
B30: Till fyrverkerier | J30: 16000 | L30: 0
B31: Summa | F31: =D12 -> 286 | G31: x | H31: =J31/F31 -> 450.94406 | J31: =SUM(J29:J30) -> 128970 | L31: 108500
B33: Intäkter | J33: =SUM(J11:J32)/2 -> 215352.66 | L33: 184126
A35: 4101 | B35: Livsmedel till försäljning
B36: Mat | F36: =D12 -> 286 | G36: x | H36: 85 | J36: =F36*H36 -> 24310 | L36: 31000
B37: Groggvirke | J37: 1000 | L37: 5000
B38: Summa | J38: =SUM(J36:J37) -> 25310 | L38: 36000
A40: 4011-4014 | B40: Alkoholkostnader
B41: Öl | F41: =Parametrar!$I$52 -> 0.080797306 | G41: x | H41: =Parametrar!$I$23 -> 109538.8 | I41: = | J41: =F41*H41 -> 8850.4399 | L41: 0
B42: Övrig jäst dryck | F42: =Parametrar!$I$53 -> 0.080018395 | G42: x | H42: =Parametrar!$I$24 -> 45749.38 | I42: = | J42: =F42*H42 -> 3660.792 | L42: 0
B43: Spritdryck | F43: =Parametrar!$I$54 -> 0.25105224 | G43: x | H43: =Parametrar!$I$25 -> 85382.75 | I43: = | J43: =F43*H43 -> 21435.531 | L43: 0
B44: Vin | F44: =Parametrar!$I$55 -> 0.14321673 | G44: x | H44: =Parametrar!$I$26 -> 94466.5 | I44: = | J44: =F44*H44 -> 13529.183 | L44: 0
B45: Summa | J45: =SUM(J41:J44) -> 47475.946 | L45: 0
A47: 4310 | B47: Arrangemangskostnader
B48: Hyra | J48: 66000 | L48: 66000
B49: Dekorationer | J49: 3000 | L49: 3000
B50: Trycksaker | J50: 500 | L50: 500
B51: Summa | J51: =SUM(J48:J50) -> 69500 | L51: 69500
A53: 6590 | B53: Övriga externa tjänster
B54: Fyrverkerier (Lundapyrot) | J54: 16000 | L54: 16000
B55: Summa | J55: =SUM(J53:J54) -> 16000 | L55: 16000
A57: 6950 | B57: Myndighetsavgifter
B58: Alkoholtillstånd | J58: 3000 | L58: 3000
B59: Summa | J59: =SUM(J57:J58) -> 3000 | L59: 3000
B61: Kostnader | J61: =SUM(J34:J60)/2 -> 161285.95 | L61: 155940
B63: Resultat | J63: =J33-J61 -> 54066.716 | L63: 28186

Sheet SEX05
A1: SEX05 | B1: Skiphtesgasque
A2: Skiphtesgasquen.
J4: 2026 REV | L4: 2026
A6: Summa intäkter | J6: =J31 -> 42970.242 | L6: 69415
A7: Summa utgifter | J7: =J54 -> 82705.309 | L7: 83850
A8: Resultat | J8: =J6-J7 -> -39735.067 | L8: -14435
A10: Konto | B10: Namn
A11: 3000 | B11: Försäljning inom Sverige
B12: Alkoholfritt | J12: 700 | L12: 0
B13: Summa | J13: =SUM(J11:J12) -> 700 | L13: =SUM(L11:L12) -> 0
A15: 3010 | B15: Livsmedelsförsäljning
B16: Mat på eftersläpp | J16: 500 | L16: 500
B17: Summa | J17: =SUM(J16) -> 500 | L17: 1195
A19: 3011-3014 | B19: Alkoholförsäljning
B20: Öl | F20: =Parametrar!$I$33 -> 1.44 | G20: x | H20: =J39 -> 4276.5692 | I20: = | J20: =F20*H20 -> 6158.2596 | L20: 13770
B21: Övrig jäst dryck | F21: =Parametrar!$I$34 -> 1.35 | G21: x | H21: =J40 -> 1273.5673 | I21: = | J21: =F21*H21 -> 1719.3158 | L21: 12150
B22: Spritdryck | F22: =Parametrar!$I$35 -> 1.44 | G22: x | H22: =J41 -> 12584.364 | I22: = | J22: =F22*H22 -> 18121.484 | L22: 27000
B23: Vin | F23: =Parametrar!$I$36 -> 2.7 | G23: x | H23: =J42 -> 5470.8083 | I23: = | J23: =F23*H23 -> 14771.182 | L23: 10800
B24: Summa | J24: =SUM(J20:J23) -> 40770.242 | L24: 63720
A26: 3015 | B26: Biljettförsäljning
B27: Till alumner | F27: 4 | G27: x | H27: 250 | J27: =H27*F27 -> 1000 | L27: 3000
B28: Eftersläppsbiljett | F28: 0 | G28: x | H28: 30 | J28: =H28*F28 -> 0 | L28: 1500
B29: Summa | J29: =SUM(J27,J28) -> 1000 | L29: 4500
B31: Intäkter | J31: =SUM(J11:J30)/2 -> 42970.242 | L31: 69415
A33: 4101 | B33: Livsmedel till försäljning
B34: Mat | J34: 13000 | L34: 13000
B35: Groggvirke | J35: 3500 | L35: 3500
B36: Summa | J36: =SUM(J34:J35) -> 16500 | L36: 16500
A38: 4011-4014 | B38: Alkoholkostnader
B39: Öl | F39: =Parametrar!$I$58 -> 0.039041592 | G39: x | H39: =Parametrar!$I$23 -> 109538.8 | I39: = | J39: =F39*H39 -> 4276.5692 | L39: 0
B40: Övrig jäst dryck | F40: =Parametrar!$I$59 -> 0.027837913 | G40: x | H40: =Parametrar!$I$24 -> 45749.38 | I40: = | J40: =F40*H40 -> 1273.5673 | L40: 0
B41: Spritdryck | F41: =Parametrar!$I$60 -> 0.14738766 | G41: x | H41: =Parametrar!$I$25 -> 85382.75 | I41: = | J41: =F41*H41 -> 12584.364 | L41: 0
B42: Vin | F42: =Parametrar!$I$61 -> 0.057912681 | G42: x | H42: =Parametrar!$I$26 -> 94466.5 | I42: = | J42: =F42*H42 -> 5470.8083 | L42: 0
B43: Summa | J43: =SUM(J39:J42) -> 23605.309 | L43: 0
A45: 4310 | B45: Arrangemangskostnader
B46: Hyra | J46: 40000 | L46: 40000
B47: Dekorationer | J47: 1000 | L47: 1000
B48: Summa | J48: =SUM(J46:J47) -> 41000 | L48: 41000
A50: 6950 | B50: Myndighetsavgifter
B51: Alkoholtillstånd | J51: 1600 | L51: 1600
B52: Summa | J52: =SUM(J51) -> 1600 | L52: 1600
B54: Kostnader | J54: =SUM(J32:J53)/2 -> 82705.309 | L54: 83850
B56: Resultat | J56: =J31-J54 -> -39735.067 | L56: -14435

Sheet SEX09
A1: SEX09 | B1: UtEDischot
A2: Alkoholförsäljning under UtEDischot.
J4: 2026 REV | L4: 2026
A6: Summa intäkter | J6: =J22 -> 92034.059 | L6: 148650
A7: Summa utgifter | J7: =J39 -> 63769.903 | L7: 95514
A8: Resultat | J8: =J6-J7 -> 28264.156 | L8: 53136
A10: Konto | B10: Namn
A11: 3000 | B11: Försäljning inom Sverige
B12: Alkoholfritt | J12: 1000 | L12: 0
B13: Summa | J13: =SUM(J11:J12) -> 1000 | L13: =SUM(L11:L12) -> 0
A15: 3011-3014 | B15: Alkoholförsäljning
B16: Öl | F16: =Parametrar!$I$33 -> 1.44 | G16: x | H16: =J25 -> 12120.758 | I16: = | J16: =F16*H16 -> 17453.891 | L16: 28710
B17: Övrig jäst dryck | F17: =Parametrar!$I$34 -> 1.35 | G17: x | H17: =J26 -> 9508.9215 | I17: = | J17: =F17*H17 -> 12837.044 | L17: 19800
B18: Spritdryck | F18: =Parametrar!$I$35 -> 1.44 | G18: x | H18: =J27 -> 0 | I18: = | J18: =F18*H18 -> 0
B19: Vin | F19: =Parametrar!$I$36 -> 2.7 | G19: x | H19: =J28 -> 22497.453 | I19: = | J19: =F19*H19 -> 60743.124 | L19: 99000
B20: Summa | J20: =SUM(J16:J19) -> 91034.059 | L20: 147510
B22: Intäkter | J22: =SUM(J11:J21)/2 -> 92034.059 | L22: 148650
A24: 4011-4014 | B24: Alkoholkostnader
B25: Öl | F25: =Parametrar!$I$64 -> 0.11065264 | G25: x | H25: =Parametrar!$I$23 -> 109538.8 | I25: = | J25: =F25*H25 -> 12120.758 | L25: 15750
B26: Övrig jäst dryck | F26: =Parametrar!$I$65 -> 0.20784809 | G26: x | H26: =Parametrar!$I$24 -> 45749.38 | I26: = | J26: =F26*H26 -> 9508.9215 | L26: 11700
B27: Spritdryck | F27: =Parametrar!$I$66 -> 0 | G27: x | H27: =Parametrar!$I$25 -> 85382.75 | I27: = | J27: =F27*H27 -> 0 | L27: 0
B28: Vin | F28: =Parametrar!$I$67 -> 0.23815272 | G28: x | H28: =Parametrar!$I$26 -> 94466.5 | I28: = | J28: =F28*H28 -> 22497.453 | L28: 31500
B29: Summa | J29: =SUM(J25:J28) -> 44127.132 | L29: 58950
A31: 4101 | B31: Livsmedel till försäljning
B32: Alkoholfritt | J32: 800 | L32: 1140
B33: Summa | J33: =SUM(J32) -> 800 | L33: 1140
A35: 8510 | B35: Vinstdelning
B36: Delning med E-sektionen | J36: =(J22-J29-J33)*0.4 -> 18842.771 | L36: 35424
B37: Summa | J37: =SUM(J36) -> 18842.771 | L37: 35424
B39: Kostnader | J39: =SUM(J23:J38)/2 -> 63769.903 | L39: 95514
B41: Resultat | J41: =J22-J39 -> 28264.156 | L41: 53136

Sheet SKT01
A1: SKT01 | B1: Funktionärer
A2: Mötesfika, tack och tröjor för skattmästeriet.
J4: 2026 REV | L4: 2026
A6: Summa intäkter | J6: =J12 -> 0 | L6: 0
A7: Summa utgifter | J7: =J31 -> 1242 | L7: 3820
A8: Resultat | J8: =J6-J7 -> -1242 | L8: -3820
A10: Konto | B10: Namn
B12: Intäkter | J12: 0 | L12: 0
A14: 4002 | B14: Jobbarmat/Mötesfika
B15: Mötesfika | J15: 0 | L15: 0
B16: Summa | J16: =SUM(J15) -> 0 | L16: 0
A18: 5480 | B18: Arbetskläder och skyddsmaterial
B19: Tröja t. skattmästare | J19: 0 | L19: 350
B20: Tröja t. vice skattmästare | J20: 0 | L20: 350
B21: Tröjor t. skattförmän | J21: 0 | L21: 1050
B22: Summa | J22: =SUM(J19:J21) -> 0 | L22: 1750
A24: 7600 | B24: Tack
B25: Tack t. skattmästare | J25: =Parametrar!$I$8 -> 207 | L25: 414
B26: Tack t. vice skattmästare | J26: =Parametrar!$I$8 -> 207 | L26: 414
B27: Tack t. skattförmän | F27: 4 | G27: × | H27: =Parametrar!$I$8 -> 207 | I27: = | J27: =F27*H27 -> 828 | L27: 1242
B28: Tack t. funktionärer | F28: 0 | G28: x | H28: =Parametrar!$I$8 -> 207 | I28: = | J28: =F28*H28 -> 0 | L28: 0
B29: Summa | J29: =SUM(J25:J28) -> 1242 | L29: 2070
B31: Kostnader | J31: =SUM(J13:J30)/2 -> 1242 | L31: 3820 | N31: -1464
B33: Resultat | J33: =J12-J31 -> -1242 | L33: -3820 | N33: -1242

Sheet SKT02
A1: SKT02 | B1: Avgifter
A2: Administrativa avgifter för ekonomihantering.
J4: 2026 REV | L4: 2026
A6: Summa intäkter | J6: =J16 -> 3255 | L6: 2376
A7: Summa utgifter | J7: =J51 -> 76958.75 | L7: 50394
A8: Resultat | J8: =J53 -> -73703.75 | L8: -48018
A10: Konto | B10: Namn
A12: 3990 | B12: Övriga ersättningar, bidrag och intäkter
B13: Fortnoxbidrag | F13: 12 | G13: × | H13: =217*1.25 -> 271.25 | I13: = | J13: =F13*H13 -> 3255 | L13: 2376
B14: Summa | J14: =SUM(J12:J13) -> 3255 | L14: 2376
B16: Intäkter | J16: =SUM(J12:J15)/2 -> 3255 | L16: 2376
A18: 4000 | B18: Övriga kostnader
B19: Disponibelt | J19: 1000 | L19: 300
B20: Summa | J20: =SUM(J18:J19) -> 1000 | L20: 300
A22: 6200 | B22: Post
B23: Porto | J23: 500 | L23: 100
B24: Summa | J24: =SUM(J22:J23) -> 500 | L24: 100
A26: 6540 | B26: IT-tjänster
B27: Swishavgifter | F27: 3500 | G27: x | H27: 1.5 | I27: = | J27: =F27*H27 -> 5250 | L27: 1500
B28: Zettleavgifter | J28: 18000 | L28: 10000 | M28: FLYTTA TILL 6570
B29: Orbiavgifter | J29: 8000 | L29: 13500
B30: Summa | J30: =SUM(J27:J29) -> 31250 | L30: 25000
A32: 6570 | B32: Bankkostnader
B33: Bankkonto | J33: 3450 | L33: 1500
B34: Sektionskort | F34: 10 | G34: × | H34: 350 | I34: = | J34: =H34*F34 -> 3500 | L34: 3850
B35: Summa | J35: =SUM(J33:J34) -> 6950 | L35: 5350
A37: 6530 | B37: Redovisningstjänster
B38: Fortnoxavgifter | J38: 0 | L38: 0
B39: Fortnox — Bokföring | D39: 6 | E39: × | F39: 12 | G39: × | H39: =Parametrar!$I$14 -> 271.25 | I39: = | J39: =D39*F39*H39 -> 19530 | L39: 10008
B40: Fortnox — Bokföring (för bokslut) | F40: 0 | G40: × | H40: =Parametrar!$I$15 -> 173.75 | I40: = | J40: =1203*1.25 -> 1503.75 | L40: 556
B41: Fortnox — Offert och order | D41: 2 | E41: × | F41: 12 | G41: × | H41: =Parametrar!$I$16 -> 142.5 | I41: = | J41: =H41*F41*D41 -> 3420 | L41: 2376
B42: Fortnox — Fakturering | D42: 2 | E42: × | F42: 12 | G42: × | H42: =Parametrar!$I$17 -> 213.75 | I42: = | J42: =H42*F42*D42 -> 5130 | L42: 3096
B43: Fortnox — Läs (Revisorer) | D43: 2 | E43: × | F43: 12 | G43: × | H43: =Parametrar!$I$18 -> 142.5 | I43: = | J43: =H43*F43*D43 -> 3420 | L43: 1560
B44: Fortnox — Integration | F44: 12 | G44: × | H44: =Parametrar!$I$19 -> 271.25 | I44: = | J44: =H44*F44 -> 3255 | L44: 1548
B45: Summa | J45: =SUM(J38:J44) -> 36258.75 | L45: 19144
A47: 8422 | B47: Dröjsmålsräntor för leverantörsskulder
B48: Sena betalningar av fakturor | J48: 1000 | L48: 500
B49: Summa | J49: =SUM(J47:J48) -> 1000 | L49: 500
B51: Kostnader | J51: =SUM(J19:J50)/2 -> 76958.75 | L51: 50394
B53: Resultat | J53: =J16-J51 -> -73703.75 | L53: -48018

Sheet SRD01
A1: SRD01 | B1: Funktionärer
A2: Mötesfika, tack och tröjor samt övriga utgifter för SRD.
J4: 2026 REV | L4: 2026
A6: Summa intäkter | J6: =J12 -> 0 | L6: 0
A7: Summa utgifter | J7: =J45 -> 8487 | L7: 22924
A8: Resultat | J8: =J6-J7 -> -8487 | L8: -22924
A10: Konto | B10: Namn
B12: Intäkter | J12: 0 | L12: 0
B14: Civilingenjörsprogram | D14: 2
B15: Masterprogram | D15: 1
A17: 4002 | B17: Jobbarmat/Mötesfika
B18: Cafébiljetter för CEQ-möten | J18: 0 | L18: 0
B19: Mötesfika | J19: 0 | L19: 0
B20: Summa | J20: =SUM(J18:J19) -> 0 | L20: 0
A22: 4330 | B22: Utlottningar och tävlingar
B23: CEQ-utlottningar | D23: 4 | E23: × | F23: 5 | G23: × | H23: 0 | I23: = | J23: =D23*F23*H23 -> 0 | L23: 0
B24: Kuvert och frimärken | J24: 0 | L24: 0
B25: Summa | J25: =SUM(J23:J24) -> 0 | L25: 0
A27: 5480 | B27: Arbetskläder och skyddsmaterial
B28: Tröja t. SRD-ordföranden | J28: 0 | L28: 350
B29: Tröja t. vice SRD-ordföranden | J29: 0 | L29: 350
B30: Tröja t. SRD-sekreteraren | J30: 0 | L30: 350
B31: Tröjor t. årskursreppar år 1-3 | J31: 0 | L31: 4200
B32: Tröjor t. årskursreppar för masterprogram | J32: 0 | L32: 700
B33: Summa | J33: =SUM(J28:J32) -> 0 | L33: 5950
A35: 7600 | B35: Tack
B36: Tack t. SRD-ordförande | J36: =Parametrar!$I$8 -> 207 | L36: 414
B37: Tack t. vice SRD-ordförande | J37: =Parametrar!$I$8 -> 207 | L37: 414
B38: Tack t. SRD-sekreterare | J38: =Parametrar!$I$8 -> 207 | L38: 414
B39: Tack t. årskursreppar år 1-3 | D39: 4 | E39: × | F39: 3 | G39: × | H39: =Parametrar!$I$8 -> 207 | I39: = | J39: =D39*F39*H39 -> 2484 | L39: 4968
B40: Tack t. årskursreppar för masterprogram | D40: =$D$15 -> 1 | E40: × | F40: 2 | G40: × | H40: =Parametrar!$I$8 -> 207 | I40: = | J40: =D40*F40*H40 -> 414 | L40: 828
B41: Tack t. instutionsledningsreppar | F41: 4 | G41: × | H41: =Parametrar!$I$8 -> 207 | I41: = | J41: =F41*H41 -> 828 | L41: 1656
B42: Tack t. funktionärer | F42: 20 | G42: × | H42: =Parametrar!$I$8 -> 207 | I42: = | J42: =F42*H42 -> 4140 | L42: 8280
B43: Summa | J43: =SUM(J36:J42) -> 8487 | L43: 16974
B45: Kostnader | J45: =SUM(J13:J44)/2 -> 8487 | L45: 22924
B47: Resultat | J47: =J12-J45 -> -8487 | L47: -22924

Sheet SRD02
A1: SRD02 | B1: Aktiviteter
A2: Aktiviteter som SRD håller i. T.ex. pluggkvällar och utdelning av DuCtig.
J4: 2026 REV | L4: 2026
A6: Summa intäkter | J6: =J21 -> 22200 | L6: 14700
A7: Summa utgifter | J7: =J39 -> 24500 | L7: 40500
A8: Resultat | J8: =J6-J7 -> -2300 | L8: -25800
A10: Konto | B10: Namn
A12: 3000 | B12: Försäljning inom Sverige
B13: Märken | J13: 7500 | L13: 0
B14: Summa | J14: =SUM(J13) -> 7500 | L14: 0
A17: 3990 | B17: Övriga ersättningar, bidrag och intäkter
B18: Bidrag f. kursutvärderingar | J18: 14700 | L18: 14700
B19: Summa | J19: =SUM(J18) -> 14700 | L19: 14700
B21: Intäkter | J21: =SUM(J11:J20)/2 -> 22200 | L21: 14700
A23: 4310 | B23: Arrangemangskostnader
B24: Övrigt | J24: 2000 | L24: 2000
B25: Informationsspridning | J25: 0 | L25: 0
B27: Pluggkvällar, nollning
B28: Mat | F28: 5 | G28: × | H28: 2500 | I28: = | J28: =F28*H28 -> 12500 | L28: 24000
B29: Märken | F29: 5 | G29: × | H29: 1500 | I29: = | J29: =F29*H29 -> 7500 | L29: 7500
B31: Pluggkvällar, övriga
B32: Mat | J32: 0 | L32: 4500
B33: Summa | J33: =SUM(J24:J32) -> 22000 | L33: 38000
A35: 4330 | B35: Utlottningar, priser och tävlingar
B36: DuCtig, gyllene pekpinnen | J36: 2500 | L36: 2500
B37: Summa | J37: =SUM(J36) -> 2500 | L37: 2500
B39: Kostnader | J39: =SUM(J22:J38)/2 -> 24500 | L39: 40500
B41: Resultat | J41: =J21-J39 -> -2300 | L41: -25800

Sheet STYR01
A1: STYR01 | B1: Funktionärer
A2: Mötesmat, skiphte, tröjor och representation för styrelsen.
J4: 2026 REV | L4: 2026
A6: Summa intäkter | J6: =J12 -> 0 | L6: 0
A7: Summa utgifter | J7: =J34 -> 5114 | L7: 9228
A8: Resultat | J8: =J6-J7 -> -5114 | L8: -9228
A10: Konto | B10: Namn
B12: Intäkter | J12: 0 | L12: 0
A14: 4002 | B14: Jobbarmat/Mötesfika
B15: Mat t. propositionsmöten | D15: 0 | E15: × | F15: 12 | G15: × | H15: =Parametrar!$I$10 -> 0 | I15: = | J15: =H15*F15*D15 -> 0 | L15: 0
B16: Mat t. budgetmöte | F16: 0 | G16: × | H16: =Parametrar!$I$10 -> 0 | I16: = | J16: =F16*H16 -> 0 | L16: 0
B17: Summa | J17: =SUM(J15:J16) -> 0 | L17: 0
A19: 5480 | B19: Arbetskläder och skyddsmaterial
B20: Tröjor | F20: 12 | G20: × | H20: =Parametrar!$I$9 -> 350 | I20: = | J20: =F20*H20 -> 4200 | L20: 4200
B21: Summa | J21: =SUM(J20) -> 4200 | L21: 4200
A23: 6070 | B23: Representation
B24: D-forums anordningskostnad | J24: 0 | L24: 0
B25: Resa och boende till D-forum | F25: 0 | G25: × | H25: 1400 | I25: = | J25: =F25*H25 -> 0 | L25: 0
B26: Summa | J26: =SUM(J24:J25) -> 0 | L26: 0
A28: 7600 | B28: Tack
B29: Styrelseskiphte | J29: 500 | L29: 4200
B30: Tack t. sektionsordförande | J30: =Parametrar!$I$8 -> 207 | L30: 414
B31: Tack t. vice sektionsordförande | J31: =Parametrar!$I$8 -> 207 | L31: 414
B32: Summa | J32: =SUM(J29:J31) -> 914 | L32: 5028
B34: Kostnader | J34: =SUM(J13:J33)/2 -> 5114 | L34: 9228
B36: Resultat | J36: =J12-J34 -> -5114 | L36: -9228

Sheet TACK01
A1: TACK01 | B1: Sommar
A2: Tackmästeriets hela budget.
J4: 2026 REV | L4: 2026
A6: Summa intäkter | J6: =J12 -> 0 | L6: 0
A7: Summa utgifter | J7: =J31 -> 16242 | L7: 22834
A8: Resultat | J8: =J6-J7 -> -16242 | L8: -22834
A10: Konto | B10: Namn
B12: Intäkter | J12: 0 | L12: 0
A14: 4002 | B14: Jobbarmat/Mötesfika
B15: Mötesfika | J15: 0 | L15: 0
B16: Summa | J16: =SUM(J15) -> 0 | L16: 0
A18: 5480 | B18: Arbetskläder och skyddsmaterial
B19: Tröja t. tackmästare | J19: 0 | L19: 350
B20: Summa | J20: =SUM(J19) -> 0 | L20: 350
A22: 7600 | B22: Tack
B23: Tack t. tackmästare | J23: =Parametrar!$I$8 -> 207 | L23: 414
B24: Tack t. tackmästerist | F24: 5 | G24: × | H24: =Parametrar!$I$8 -> 207 | I24: = | J24: =F24*H24 -> 1035 | L24: 2070
B25: Summa | J25: =SUM(J23:J24) -> 1242 | L25: 2484
A27: 7604 | B27: Förenat tack
B28: Sommartack | F28: 0.5 | G28: × | H28: 40000 | I28: = | J28: =15000 -> 15000 | L28: 20000
B29: Summa | J29: =SUM(J28) -> 15000 | L29: 20000
B31: Kostnader | J31: =SUM(J13:J30)/2 -> 16242 | L31: 22834
B33: Resultat | J33: =J12-J31 -> -16242 | L33: -22834

Sheet TACK02
A1: TACK02 | B1: Vinter
A2: Tackmästeriets hela budget.
J4: 2026 REV | L4: 2026
A6: Summa intäkter | J6: =J12 -> 0 | L6: 0
A7: Summa utgifter | J7: =J31 -> 16242 | L7: 32834
A8: Resultat | J8: =J6-J7 -> -16242 | L8: -32834
A10: Konto | B10: Namn
B12: Intäkter | J12: 0 | L12: 0
A14: 4002 | B14: Jobbarmat/Mötesfika
B15: Mötesfika | J15: 0 | L15: 0
B16: Summa | J16: =SUM(J15) -> 0 | L16: 0
A18: 5480 | B18: Arbetskläder och skyddsmaterial
B19: Tröja t. tackmästare | J19: 0 | L19: 350
B20: Summa | J20: =SUM(J19) -> 0 | L20: 350
A22: 7600 | B22: Tack
B23: Tack t. tackmästare | J23: =Parametrar!$I$8 -> 207 | L23: 414
B24: Tack t. tackmästerist | F24: 5 | G24: × | H24: =Parametrar!$I$8 -> 207 | I24: = | J24: =F24*H24 -> 1035 | L24: 2070
B25: Summa | J25: =SUM(J23:J24) -> 1242 | L25: 2484
A27: 7604 | B27: Förenat tack
B28: Vintertack | F28: 1 | G28: × | H28: 15000 | I28: = | J28: =F28*H28 -> 15000 | L28: 30000
B29: Summa | J29: =SUM(J28) -> 15000 | L29: 30000
B31: Kostnader | J31: =SUM(J13:J30)/2 -> 16242 | L31: 32834
B33: Resultat | J33: =J12-J31 -> -16242 | L33: -32834

Sheet TEK01
A1: TEK01 | B1: Funktionärer
A2: Mötesfika, tack enligt policy samt övriga utgifter för skattmästeriet.
J4: 2026 REV | L4: 2026
A6: Summa intäkter | J6: =J12 -> 0 | L6: 0
A7: Summa utgifter | J7: =J39 -> 0 | L7: 0
A8: Resultat | J8: =J6-J7 -> 0 | L8: 0
A10: Konto | B10: Namn
B12: Intäkter | J12: 0 | L12: 0
A14: 4000 | B14: Inköp av varor från Sverige
B15: Namnbrickor till jobbare | J15: 0 | L15: 0
B16: Summa | J16: =SUM(J15) -> 0 | L16: 0
A18: 4002 | B18: Mötesfika/Jobbarmat
B19: Lunch | J19: 0 | L19: 0
B20: Lounge och frukost | J20: 0 | L20: 0
B21: Pizza till jobbare innan mässan | J21: 0 | L21: 0
B22: Mötesfika | J22: 0 | L22: 0
B23: Summa | J23: =SUM(J19:J22) -> 0 | L23: 0
A25: 6530 | B25: Redovisningstjänster
B26: Fortnox — Offert & Order | F26: 0 | G26: × | H26: 99 | I26: = | J26: =F26*H26 -> 0 | L26: 0
B27: Fortnox — Fakturering | F27: 0 | G27: × | H27: 129 | I27: = | J27: =F27*H27 -> 0 | L27: 0
B28: Summa | J28: =SUM(J26:J27) -> 0 | L28: 0
A30: 7600 | B30: Tack
B31: Projektgruppstack | J31: 0 | L31: 0
B32: Funktionärstack | J32: 0 | L32: 0
B33: Summa | J33: =SUM(J31:J32) -> 0 | L33: 0
A35: 7602 | B35: Mötesdricka
B36: Mötesdricka | J36: 0 | L36: 0
B37: Summa | J37: =SUM(J36) -> 0 | L37: 0
B39: Kostnader | J39: =SUM(J13:J38)/2 -> 0 | L39: 0
B41: Resultat | J41: =J12-J39 -> 0 | L41: 0

Sheet TEK02
A1: TEK02 | B1: Evenemang
A2: Evenemang under Teknikfokusveckan. T.ex. lunchföreläsningar och banketten.
J4: 2026 REV | L4: 2026
A6: Summa intäkter | J6: =J26 -> 0 | L6: 0
A7: Summa utgifter | J7: =J51 -> 0 | L7: 0
A8: Resultat | J8: =J6-J7 -> 0 | L8: 0
A10: Konto | B10: Namn
B12: Servispersonal | C12: =CEILING(C13/20,1) -> 14 | D12: st
B13: Antal gäster | C13: 270 | D13: st
A15: 3000 | B15: Försäljning inom Sverige
B16: Pubar | F16: 0 | G16: × | H16: 20000 | I16: = | J16: 0 | L16: 0
B17: Lunchföreläsningar | F17: 3 | G17: × | H17: 12000 | I17: = | J17: 0 | L17: 0
B18: Mat t. lunchföreläsningar | D18: 3 | E18: × | F18: 100 | G18: × | H18: 80 | I18: = | J18: 0 | L18: 0
B19: Dryck t. lunchföreläsningar | D19: 1 | E19: × | F19: 100 | G19: × | H19: 10 | I19: = | J19: 0 | L19: 0
B20: Summa | J20: =SUM(J16:J19) -> 0 | L20: 0
A22: 3015 | B22: Biljettförsäljning
B23: Bankett m. KULA | J23: 0 | L23: 0
B24: Summa | J24: =SUM(J23) -> 0 | L24: 0
B26: Intäkter | J26: =SUM(J11:J25)/2 -> 0 | L26: 0
A28: 4000 | B28: Inköp av varor från Sverige
B29: Mat t. lunchföreläsningar | J29: 0 | L29: 0
B30: Dryck t. lunchföreläsningar | D30: 1 | E30: × | F30: 100 | G30: × | H30: 10 | I30: = | J30: 0 | L30: 0
B31: Summa | J31: =SUM(J29:J30) -> 0 | L31: 0
A33: 4002 | B33: Mötesfika/Jobbarmat
B34: Mat t. nattvakter | J34: 0 | L34: 0
B35: Summa | J35: =SUM(J34) -> 0 | L35: 0
A37: 4310 | B37: Arrangemangskostnader
B38: Lokalbokning t. lunchföreläsningar | F38: 1 | G38: × | H38: 1400 | I38: = | J38: 0 | L38: 0
B39: Bankett | J39: 0 | L39: 0
B41: Bankett
B42: Mat | F42: 310 | G42: × | H42: 100 | I42: = | J42: 0 | L42: 0
B43: Serviskostnad | D43: 0 | E43: × | F43: 6 | G43: × | H43: 300 | I43: = | J43: =D43*F43*H43 -> 0 | L43: 0
B44: Hovmästare | D44: 0 | E44: × | F44: 9 | G44: × | H44: 350 | I44: = | J44: =D44*F44*H44 -> 0 | L44: 0
B45: Hyra | J45: 0 | L45: 0
B46: Ljudsystem | J46: 0 | L46: 0
B47: Kylar
B48: Porslin | F48: 310 | G48: × | H48: 40 | I48: = | J48: 0 | L48: 0
B49: Summa | J49: =SUM(J38:J48) -> 0 | L49: 0
B51: Kostnader | J51: =SUM(J27:J50)/2 -> 0 | L51: 0
B53: Resultat | J53: =J26-J51 -> 0 | L53: 0

Sheet TEK03
A1: TEK03 | B1: Marknadsföring
A2: Mässans marknadsföring; både till funktionärer och besökare.
J4: 2026 REV | L4: 2026
A6: Summa intäkter | J6: =J12 -> 0 | L6: 0
A7: Summa utgifter | J7: =J27 -> 0 | L7: 0
A8: Resultat | J8: =J6-J7 -> 0 | L8: 0
A10: Konto | B10: Namn
B12: Intäkter | J12: 0 | L12: 0
A14: 4330 | B14: Utlottningar och tävlingar
B15: Utlottningar | J15: 0 | L15: 0
B16: Summa | J16: =SUM(J15) -> 0 | L16: 0
A18: 5900 | B18: Reklam och PR
B19: Annonser | J19: 0 | L19: 0
B20: Z-foldbroschyrer | J20: 0 | L20: 0
B21: Kaffe, godis | J21: 0 | L21: 0
B22: Flaggor osv. | J22: 0 | L22: 0
B23: Klistermärken | J23: 0 | L23: 0
B24: Affischer | J24: 0 | L24: 0
B25: Summa | J25: =SUM(J19:J24) -> 0 | L25: 0
B27: Kostnader | J27: =SUM(J13:J26)/2 -> 0 | L27: 0
B29: Resultat | J29: =J12-J27 -> 0 | L29: 0

Sheet TEK04
A1: TEK04 | B1: Logistik
A2: Arrangemangskostnader för själva mässan.
J4: 2026 REV | L4: 2026
A6: Summa intäkter | J6: =J12 -> 0 | L6: 0
A7: Summa utgifter | J7: =J36 -> 0 | L7: 0
A8: Resultat | J8: =J6-J7 -> 0 | L8: 0
A10: Konto | B10: Namn
B12: Intäkter | J12: 0 | L12: 0
A14: 4310 | B14: Arrangemangskostnader
B15: Lokaler
B16: Gasquesalen | J16: 0 | L16: 0
B18: Möbler ej för företag
B19: Loungemöbler | J19: 0 | L19: 0
B20: Andra möbler | J20: 0 | L20: 0
B22: Matta
B23: Matta | J23: 0 | L23: 0
B24: Matttejp | J24: 0 | L24: 0
B26: Garderob
B27: Garderobsställningar | J27: 0 | L27: 0
B28: Galgar | J28: 0 | L28: 0
B30: Övrigt
B31: El och internet | J31: 0 | L31: 0
B32: Shuttle service | J32: 0 | L32: 0
B33: Parkeringsbiljetter | D33: 4 | E33: × | F33: 30 | G33: × | H33: 30 | J33: 0 | L33: 0
B34: Summa | J34: =SUM(J15:J33) -> 0 | L34: 0
B36: Kostnader | J36: =SUM(J13:J35)/2 -> 0 | L36: 0
B38: Resultat | J38: =J12-J36 -> 0 | L38: 0

Sheet TEK05
A1: TEK05 | B1: Försäljning
A2: Försäljning av företagsplatser och kontaktsamtal. Observera att försäljning av lunchföreläsningar ligger i TEK02.
J4: 2026 REV | L4: 2026
A6: Summa intäkter | J6: =J30 -> 256557.64 | L6: 323453.17
A7: Summa utgifter | J7: =J44 -> 0 | L7: 0
A8: Resultat | J8: =J6-J7 -> 256557.64 | L8: 323453.17
A10: Konto | B10: Namn
A16: 3000 | B16: Försäljning inom Sverige
B17: Vinst-delning med E-sek | C17: 435000 | J17: =(C17*0.6)/2+(C17*0.2)*(0.88333333333)+(C17*0.2)*0.56560509554 -> 256557.64 | K17: Endagspaket | L17: 323453.17
K18: Tvådagspaket
K20: Kontaktsamtal 1-dags
K21: Kontaktsamtal 2-dags
K23: Extra lunchbiljetter
K24: Extra parkeringsbiljetter
K25: Extra bankettbiljetter
K27: Möbler
B28: Summa | J28: =J17 -> 256557.64 | L28: 323453.17
B30: Intäkter | J30: =SUM(J17:J29)/2 -> 256557.64 | L30: 323453.17
A32: 4730 | B32: Erhållna rabatter
B33: Specialrabatter | J33: 0 | L33: 0
B34: Summa | J34: =SUM(J33) -> 0 | L34: 0
A36: 5220 | B36: Hyra av inventarier och verktyg
B37: Möbler | J37: 0 | L37: 0
B38: Summa | J38: =SUM(J37) -> 0 | L38: 0
A40: 8510 | B40: Vinstdelning
B41: Delning med E-sektionen | J41: 0 | L41: 0
B42: Summa | J42: =SUM(J41) -> 0 | L42: 0
B44: Kostnader | J44: =SUM(J31:J43)/2 -> 0 | L44: 0
B46: Resultat | J46: =J30-J44 -> 256557.64 | L46: 323453.17

Sheet TEK06
A1: TEK06 | B1: Höst
A2: Uppstartskostnader för Teknikfokus under hösten.
J4: 2026 REV | L4: 2026
A6: Summa intäkter | J6: =J12 -> 0 | L6: 0
A7: Summa utgifter | J7: =J57 -> 19428 | L7: 19928
A8: Resultat | J8: =J6-J7 -> -19428 | L8: -19928
A10: Konto | B10: Namn
B12: Intäkter | J12: 0 | L12: 0
A14: 4000 | B14: Saker till funktionärer
B15: Tygmärken (funkis + special) | J15: 6500 | L15: 6500
B16: Vattenflaskor | J16: 0 | L16: 0
B17: Tygkassar | J17: 0 | L17: 0
B18: Summa | J18: =SUM(J15:J17) -> 6500 | L18: 6500
A20: 4002 | B20: Mötesfika/Jobbarmat
B21: Mötesfika | J21: 0 | L21: 500
B22: Summa | J22: =SUM(J21) -> 0 | L22: 500
A24: 4310 | B24: Arrangemangskostnader
B25: Julmys för funktionärer | J25: 0 | L25: 0
B26: Batterier till laserdomepistoler | J26: 0 | L26: 0
B27: Summa | J27: =SUM(J25:J26) -> 0 | L27: 0
A29: 5420 | B29: Programvaror
B30: CRM-system | J30: 0 | L30: 0
B31: Holdover för Salesforce | J31: 0 | L31: 0
B32: Summa | J32: =SUM(J30:J31) -> 0 | L32: 0
A34: 5480 | B34: Arbetskläder och skyddsmaterial
B35: Tröjor t. projektgruppen | F35: 14 | G35: × | H35: 350 | I35: = | J35: =F35*H35 -> 4900 | L35: 4900
B36: Summa | J36: =SUM(J35) -> 4900 | L36: 4900
A38: 5900 | B38: Reklam och PR
B39: Affischer | J39: 500 | L39: 500
B40: Visitkort | J40: 500 | L40: 500
B41: Kaffe och godis | J41: 2000 | L41: 2000
B42: Summa | J42: =SUM(J39:J41) -> 3000 | L42: 3000
A44: 6530 | B44: Redovisningstjänster
B45: Fortnox — Offert & Order | F45: 1 | G45: × | H45: 99 | I45: = | J45: =F45*H45 -> 99 | L45: 99
B46: Fortnox — Fakturering | F46: 1 | G46: × | H46: 129 | I46: = | J46: =F46*H46 -> 129 | L46: 129
B47: Summa | J47: =SUM(J45:J46) -> 228 | L47: 228
A49: 7600 | B49: Tack
B50: Kick-off för projektgruppen | J50: 2800 | L50: 2800
B51: Summa | J51: =SUM(J50) -> 2800 | L51: 2800
A53: 7602 | B53: Mötesdricka
B54: Mötesdricka | J54: 2000 | L54: 2000
B55: Summa | J55: =SUM(J54) -> 2000 | L55: 2000
B57: Kostnader | J57: =SUM(J13:J56)/2 -> 19428 | L57: 19928
B59: Resultat | J59: =J12-J57 -> -19428 | L59: -19928

Sheet TRI01
A1: TRI01 | B1: Allmänt
A2: Trivselrådets hela budget.
J4: 2026 REV | L4: 2026
A6: Summa intäkter | J6: =J12 -> 0 | L6: 0
A7: Summa utgifter | J7: =J37 -> 1035 | L7: 4170
A8: Resultat | J8: =J6-J7 -> -1035 | L8: -4170
A10: Konto | B10: Namn
B12: Intäkter | J12: 0 | L12: 0
A14: 4002 | B14: Mötesfika/Jobbarmat
B15: Mat t. kvällsmöte | F15: 5 | G15: × | H15: =Parametrar!$I$10 -> 0 | I15: = | J15: =F15*H15 -> 0 | L15: 0
B16: Mötesfika | J16: 0 | L16: 0
B17: Summa | J17: =SUM(J16,J15) -> 0 | L17: 0
A19: 4310 | B19: Arrangemangskostnader
B20: Evenemang | J20: 0 | L20: 0
B21: Summa | J21: =SUM(J20) -> 0 | L21: 0
A23: 5480 | B23: Arbetskläder och skyddsmaterial
B24: Tröja t. trivselmästare | J24: 0 | L24: 350
B25: Tröjor t. likabehandlingsombud | J25: 0 | L25: 1050
B26: Tröja t. världsmästare | J26: 0 | L26: 350
B27: Tröja t. skyddsombud | J27: 0 | L27: 350
B28: Summa | J28: =SUM(J24:J27) -> 0 | L28: 2100
A30: 7600 | B30: Tack
B31: Tack t. trivselmästaren | J31: =Parametrar!$I$8 -> 207 | L31: 414
B32: Tack t. likabehandlingsombud | F32: 2 | G32: × | H32: =Parametrar!$I$8 -> 207 | I32: = | J32: =F32*H32 -> 414 | L32: 828
B33: Tack t. världsmästaren | J33: =Parametrar!$I$8 -> 207 | L33: 414
B34: Tack t. skyddsombudet | J34: =Parametrar!$I$8 -> 207 | L34: 414
B35: Summa | J35: =SUM(J31:J34) -> 1035 | L35: 2070
B37: Kostnader | J37: =SUM(J13:J36)/2 -> 1035 | L37: 4170
B39: Resultat | J39: =J12-J37 -> -1035 | L39: -4170

Sheet VAL01
A1: VAL01 | B1: Allmänt
A2: Valberedningens hela budget.
J4: 2026 REV | L4: 2026
A6: Summa intäkter | J6: =J12 -> 0 | L6: 0
A7: Summa utgifter | J7: =J28 -> 10143 | L7: 22156
A8: Resultat | J8: =J6-J7 -> -10143 | L8: -22156
A10: Konto | B10: Namn
B12: Intäkter | J12: 0 | L12: 0
A14: 4002 | B14: Mötesfika/Jobbarmat
B15: Mötesfika | J15: 0 | L15: 0
B16: Summa | J16: =SUM(J15) -> 0 | L16: 0
A18: 5480 | B18: Arbetskläder och skyddsmaterial
B19: Tröja t. valberedningsordförand | J19: 0 | L19: 350
B20: Tröjor t. valberedningrepresentanter | J20: 0 | L20: 9800
B21: Summa | J21: =SUM(J19:J20) -> 0 | L21: 10150
A23: 7600 | B23: Tack
B24: Tack t. valberedningsordförande | J24: =Parametrar!$I$8 -> 207 | L24: 414
B25: Tack t. valberedningrepresentanter | D25: 20 | E25: + | F25: 28 | G25: × | H25: =Parametrar!$I$8 -> 207 | I25: = | J25: =(F25+D25)*H25 -> 9936 | L25: 11592
B26: Summa | J26: =SUM(J24:J25) -> 10143 | L26: 12006
B28: Kostnader | J28: =SUM(J13:J27)/2 -> 10143 | L28: 22156
B30: Resultat | J30: =J12-J28 -> -10143 | L30: -22156
